Indicator ID,Indicator Name,Parent Code,Parent Name,Area Code,Area Name,Area Type,Sex,Age,Category Type,Category,Time period,Value,Lower CI 95.0 limit,Upper CI 95.0 limit,Lower CI 99.8 limit,Upper CI 99.8 limit,Count,Denominator,Value note,Recent Trend,Compared to England value or percentiles,Compared to percentiles,Time period Sortable,New data,Compared to goal,Time period range
91547,Smoking prevalence in adults (aged 15 and over) - current smokers (QOF),,,E92000001,England,England,Persons,15+ yrs,,,2013/14,19.1707652617216,19.1594667411302,19.1820688641797,,,8935216,46608551.500242,,,Not compared,Not compared,20130000,,,1y
91547,Smoking prevalence in adults (aged 15 and over) - current smokers (QOF),E92000001,England,E92000001,England,England,Persons,15+ yrs,,,2013/14,19.1707652617216,19.1594667411302,19.1820688641797,,,8935216,46608551.500242,,,Similar,Not compared,20130000,,,1y
91547,Smoking prevalence in adults (aged 15 and over) - current smokers (QOF),,,E92000001,England,England,Persons,15+ yrs,,,2014/15,18.6432917327135,18.6321607031653,18.6544278875123,,,8763228,47004724.9468456,,,Not compared,Not compared,20140000,,,1y
91547,Smoking prevalence in adults (aged 15 and over) - current smokers (QOF),E92000001,England,E92000001,England,England,Persons,15+ yrs,,,2014/15,18.6432917327135,18.6321607031653,18.6544278875123,,,8763228,47004724.9468456,,,Similar,Not compared,20140000,,,1y
91547,Smoking prevalence in adults (aged 15 and over) - current smokers (QOF),,,E92000001,England,England,Persons,Not applicable,,,2015/16,18.0822735608919,18.0713405110528,18.0932117644217,,,8603849,47581677.0,,,Not compared,Not compared,20150000,,,1y
91547,Smoking prevalence in adults (aged 15 and over) - current smokers (QOF),,,E92000001,England,England,Persons,15+ yrs,,,2015/16,18.0822735608919,18.0713405110528,18.0932117644217,,,8603849,47581677.0,,,Not compared,Not compared,20150000,,,1y
91547,Smoking prevalence in adults (aged 15 and over) - current smokers (QOF),E92000001,England,E92000001,England,England,Persons,Not applicable,,,2015/16,18.0822735608919,18.0713405110528,18.0932117644217,,,8603849,47581677.0,,,Similar,Not compared,20150000,,,1y
91547,Smoking prevalence in adults (aged 15 and over) - current smokers (QOF),E92000001,England,E92000001,England,England,Persons,15+ yrs,,,2015/16,18.0822735608919,18.0713405110528,18.0932117644217,,,8603849,47581677.0,,,Similar,Not compared,20150000,,,1y
91547,Smoking prevalence in adults (aged 15 and over) - current smokers (QOF),,,E92000001,England,England,Persons,15+ yrs,,,2016/17,17.5585708862431,17.5478056992448,17.5693412701857,,,8421069,47959877.0,,,Not compared,Not compared,20160000,,,1y
91547,Smoking prevalence in adults (aged 15 and over) - current smokers (QOF),E92000001,England,E92000001,England,England,Persons,15+ yrs,,,2016/17,17.5585708862431,17.5478056992448,17.5693412701857,,,8421069,47959877.0,,,Similar,Not compared,20160000,,,1y
91547,Smoking prevalence in adults (aged 15 and over) - current smokers (QOF),E92000001,England,E54000027,NHS North West London Integrated Care Board - QRV,ICBs,Persons,15+ yrs,,,2016/17,16.2356807617881,16.1839361953193,16.2875586206062,,,315972,1946158.0,,,Better,Not compared,20160000,,,1y
91547,Smoking prevalence in adults (aged 15 and over) - current smokers (QOF),E92000001,England,E54000028,NHS North Central London Integrated Care Board - QMJ,ICBs,Persons,15+ yrs,,,2016/17,18.10483383568,18.0382829482056,18.1715758206622,,,232161,1282315.0,,,Worse,Not compared,20160000,,,1y
91547,Smoking prevalence in adults (aged 15 and over) - current smokers (QOF),E92000001,England,E54000029,NHS North East London Integrated Care Board - QMF,ICBs,Persons,15+ yrs,,,2016/17,18.4854756475082,18.4273235516604,18.5437695392141,,,315648,1707546.0,,,Worse,Not compared,20160000,,,1y
91547,Smoking prevalence in adults (aged 15 and over) - current smokers (QOF),E92000001,England,E54000030,NHS South East London Integrated Care Board - QKK,ICBs,Persons,15+ yrs,,,2016/17,18.012813973073,17.9529346072587,18.0728490647903,,,284264,1578121.0,,,Worse,Not compared,20160000,,,1y
91547,Smoking prevalence in adults (aged 15 and over) - current smokers (QOF),E92000001,England,E54000031,NHS South West London Integrated Care Board - QWE,ICBs,Persons,15+ yrs,,,2016/17,15.5818308658705,15.520625853892,15.6432325444338,,,209508,1344566.0,,,Better,Not compared,20160000,,,1y
91547,Smoking prevalence in adults (aged 15 and over) - current smokers (QOF),,,E92000001,England,England,Persons,15+ yrs,,,2017/18,17.1925725214758,17.1819325455461,17.2032177175957,,,8301429,48284973.0,,,Not compared,Not compared,20170000,,,1y
91547,Smoking prevalence in adults (aged 15 and over) - current smokers (QOF),E92000001,England,E92000001,England,England,Persons,15+ yrs,,,2017/18,17.1925725214758,17.1819325455461,17.2032177175957,,,8301429,48284973.0,,,Similar,Not compared,20170000,,,1y
91547,Smoking prevalence in adults (aged 15 and over) - current smokers (QOF),E92000001,England,E54000027,NHS North West London Integrated Care Board - QRV,ICBs,Persons,15+ yrs,,,2017/18,15.9556368073079,15.9051963552802,16.006206775546,,,322226,2019512.0,,,Better,Not compared,20170000,,,1y
91547,Smoking prevalence in adults (aged 15 and over) - current smokers (QOF),E92000001,England,E54000028,NHS North Central London Integrated Care Board - QMJ,ICBs,Persons,15+ yrs,,,2017/18,17.6269476298582,17.5612481527209,17.6928401479203,,,227110,1288425.0,,,Worse,Not compared,20170000,,,1y
91547,Smoking prevalence in adults (aged 15 and over) - current smokers (QOF),E92000001,England,E54000029,NHS North East London Integrated Care Board - QMF,ICBs,Persons,15+ yrs,,,2017/18,18.0391791130173,17.982243751648,18.0962549689002,,,315283,1747768.0,,,Worse,Not compared,20170000,,,1y
91547,Smoking prevalence in adults (aged 15 and over) - current smokers (QOF),E92000001,England,E54000030,NHS South East London Integrated Care Board - QKK,ICBs,Persons,15+ yrs,,,2017/18,17.3992805133688,17.3409807706341,17.457734861811,,,281876,1620044.0,,,Worse,Not compared,20170000,,,1y
91547,Smoking prevalence in adults (aged 15 and over) - current smokers (QOF),E92000001,England,E54000031,NHS South West London Integrated Care Board - QWE,ICBs,Persons,15+ yrs,,,2017/18,15.2166912574065,15.15656367406,15.2770144224302,,,207916,1366368.0,,,Better,Not compared,20170000,,,1y
91547,Smoking prevalence in adults (aged 15 and over) - current smokers (QOF),,,E92000001,England,England,Persons,15+ yrs,,,2018/19,16.7414360667976,16.7310020976473,16.7518752338401,,,8229910,49158925.0,There is a data quality issue with this value. Potential underestimate of the value due to double counting of patients in QOF,,Not compared,Not compared,20180000,,,1y
91547,Smoking prevalence in adults (aged 15 and over) - current smokers (QOF),,,E92000001,England,England,Persons,15+ yrs,"County & UA deprivation deciles in England (IMD2019, 4/19 and 4/20 geog.)",Most deprived decile (IMD2019),2018/19,20.0685962701555,20.032880151437,20.1043600572553,,,968143,4824169.0,,,Worse,Not compared,20180000,,,1y
91547,Smoking prevalence in adults (aged 15 and over) - current smokers (QOF),,,E92000001,England,England,Persons,15+ yrs,"County & UA deprivation deciles in England (IMD2019, 4/19 and 4/20 geog.)",Second most deprived decile (IMD2019),2018/19,19.422722820764,19.3784578940102,19.4670644443534,,,594918,3063000.0,,,Worse,Not compared,20180000,,,1y
91547,Smoking prevalence in adults (aged 15 and over) - current smokers (QOF),,,E92000001,England,England,Persons,15+ yrs,"County & UA deprivation deciles in England (IMD2019, 4/19 and 4/20 geog.)",Third more deprived decile (IMD2019),2018/19,18.4850404264173,18.4485283879605,18.5216083151077,,,801379,4335284.0,,,Worse,Not compared,20180000,,,1y
91547,Smoking prevalence in adults (aged 15 and over) - current smokers (QOF),,,E92000001,England,England,Persons,15+ yrs,"County & UA deprivation deciles in England (IMD2019, 4/19 and 4/20 geog.)",Fourth more deprived decile (IMD2019),2018/19,18.1536650572306,18.1160702894688,18.1913205099677,,,731928,4031847.0,,,Worse,Not compared,20180000,,,1y
91547,Smoking prevalence in adults (aged 15 and over) - current smokers (QOF),,,E92000001,England,England,Persons,15+ yrs,"County & UA deprivation deciles in England (IMD2019, 4/19 and 4/20 geog.)",Fifth more deprived decile (IMD2019),2018/19,17.5935094481109,17.5532181041108,17.6338734954843,,,602498,3424547.0,There is a data quality issue with this value. Potential underestimate of the value due to double counting of patients in QOF,,Worse,Not compared,20180000,,,1y
91547,Smoking prevalence in adults (aged 15 and over) - current smokers (QOF),,,E92000001,England,England,Persons,15+ yrs,"County & UA deprivation deciles in England (IMD2019, 4/19 and 4/20 geog.)",Fifth less deprived decile (IMD2019),2018/19,16.6662761478069,16.6194974107913,16.7131601604242,,,405434,2432661.0,,,Better,Not compared,20180000,,,1y
91547,Smoking prevalence in adults (aged 15 and over) - current smokers (QOF),,,E92000001,England,England,Persons,15+ yrs,"County & UA deprivation deciles in England (IMD2019, 4/19 and 4/20 geog.)",Fourth less deprived decile (IMD2019),2018/19,15.9415288782423,15.8880757890869,15.9951276041422,,,286424,1796716.0,,,Better,Not compared,20180000,,,1y
91547,Smoking prevalence in adults (aged 15 and over) - current smokers (QOF),,,E92000001,England,England,Persons,15+ yrs,"County & UA deprivation deciles in England (IMD2019, 4/19 and 4/20 geog.)",Third less deprived decile (IMD2019),2018/19,14.6674652177168,14.6260139611985,14.7090137104514,,,409475,2791723.0,There is a data quality issue with this value. Potential underestimate of the value due to double counting of patients in QOF,,Better,Not compared,20180000,,,1y
91547,Smoking prevalence in adults (aged 15 and over) - current smokers (QOF),,,E92000001,England,England,Persons,15+ yrs,"County & UA deprivation deciles in England (IMD2019, 4/19 and 4/20 geog.)",Second least deprived decile (IMD2019),2018/19,14.1667793045683,14.1169954083197,14.2167097027026,,,266219,1879178.0,,,Better,Not compared,20180000,,,1y
91547,Smoking prevalence in adults (aged 15 and over) - current smokers (QOF),,,E92000001,England,England,Persons,15+ yrs,"County & UA deprivation deciles in England (IMD2019, 4/19 and 4/20 geog.)",Least deprived decile (IMD2019),2018/19,13.4689230062765,13.4177963877916,13.5202140149151,,,229956,1707308.0,,,Better,Not compared,20180000,,,1y
91547,Smoking prevalence in adults (aged 15 and over) - current smokers (QOF),,,E92000001,England,England,Persons,15+ yrs,"District & UA deprivation deciles in England (IMD2019, 4/19 geog.)",Most deprived decile (IMD2019),2018/19,19.9535355630389,19.924578401497,19.9825243070984,,,1458453,7309246.0,,,Worse,Not compared,20180000,,,1y
91547,Smoking prevalence in adults (aged 15 and over) - current smokers (QOF),,,E92000001,England,England,Persons,15+ yrs,"District & UA deprivation deciles in England (IMD2019, 4/19 geog.)",Second most deprived decile (IMD2019),2018/19,18.7163199434544,18.6884761617894,18.7441956462347,,,1409244,7529493.0,There is a data quality issue with this value. Potential underestimate of the value due to double counting of patients in QOF,,Worse,Not compared,20180000,,,1y
91547,Smoking prevalence in adults (aged 15 and over) - current smokers (QOF),,,E92000001,England,England,Persons,15+ yrs,"District & UA deprivation deciles in England (IMD2019, 4/19 geog.)",Third more deprived decile (IMD2019),2018/19,18.3617092824039,18.3311141972137,18.392343931629,,,1128110,6143818.0,,,Worse,Not compared,20180000,,,1y
91547,Smoking prevalence in adults (aged 15 and over) - current smokers (QOF),,,E92000001,England,England,Persons,15+ yrs,"District & UA deprivation deciles in England (IMD2019, 4/19 geog.)",Fourth more deprived decile (IMD2019),2018/19,17.3376963246193,17.3027665360743,17.3726818140143,,,781092,4505166.0,There is a data quality issue with this value. Potential underestimate of the value due to double counting of patients in QOF,,Worse,Not compared,20180000,,,1y
91547,Smoking prevalence in adults (aged 15 and over) - current smokers (QOF),,,E92000001,England,England,Persons,15+ yrs,"District & UA deprivation deciles in England (IMD2019, 4/19 geog.)",Fifth more deprived decile (IMD2019),2018/19,16.5345563782056,16.5001262770531,16.5690440670562,,,738219,4464704.0,,,Better,Not compared,20180000,,,1y
91547,Smoking prevalence in adults (aged 15 and over) - current smokers (QOF),,,E92000001,England,England,Persons,15+ yrs,"District & UA deprivation deciles in England (IMD2019, 4/19 geog.)",Fifth less deprived decile (IMD2019),2018/19,15.3799791576109,15.3486046478333,15.4114061249222,,,779832,5070436.0,There is a data quality issue with this value. Potential underestimate of the value due to double counting of patients in QOF,,Better,Not compared,20180000,,,1y
91547,Smoking prevalence in adults (aged 15 and over) - current smokers (QOF),,,E92000001,England,England,Persons,15+ yrs,"District & UA deprivation deciles in England (IMD2019, 4/19 geog.)",Fourth less deprived decile (IMD2019),2018/19,14.7816658739637,14.745571287862,14.8178334568846,,,547916,3706727.0,,,Better,Not compared,20180000,,,1y
91547,Smoking prevalence in adults (aged 15 and over) - current smokers (QOF),,,E92000001,England,England,Persons,15+ yrs,"District & UA deprivation deciles in England (IMD2019, 4/19 geog.)",Third less deprived decile (IMD2019),2018/19,14.059839278129,14.0257477782173,14.0940000579609,,,560375,3985643.0,There is a data quality issue with this value. Potential underestimate of the value due to double counting of patients in QOF,,Better,Not compared,20180000,,,1y
91547,Smoking prevalence in adults (aged 15 and over) - current smokers (QOF),,,E92000001,England,England,Persons,15+ yrs,"District & UA deprivation deciles in England (IMD2019, 4/19 geog.)",Second least deprived decile (IMD2019),2018/19,13.5868291912636,13.5498987740125,13.6238444005111,,,448278,3299357.0,,,Better,Not compared,20180000,,,1y
91547,Smoking prevalence in adults (aged 15 and over) - current smokers (QOF),,,E92000001,England,England,Persons,15+ yrs,"District & UA deprivation deciles in England (IMD2019, 4/19 geog.)",Least deprived decile (IMD2019),2018/19,12.0340548955503,11.9981390116565,12.0700635459186,,,378391,3144335.0,,,Better,Not compared,20180000,,,1y
91547,Smoking prevalence in adults (aged 15 and over) - current smokers (QOF),E92000001,England,E92000001,England,England,Persons,15+ yrs,,,2018/19,16.7414360667976,16.7310020976473,16.7518752338401,,,8229910,49158925.0,There is a data quality issue with this value. Potential underestimate of the value due to double counting of patients in QOF,,Similar,Not compared,20180000,,,1y
91547,Smoking prevalence in adults (aged 15 and over) - current smokers (QOF),E92000001,England,E92000001,England,England,Persons,15+ yrs,"County & UA deprivation deciles in England (IMD2019, 4/19 and 4/20 geog.)",Most deprived decile (IMD2019),2018/19,20.0685962701555,20.032880151437,20.1043600572553,,,968143,4824169.0,,,Worse,Not compared,20180000,,,1y
91547,Smoking prevalence in adults (aged 15 and over) - current smokers (QOF),E92000001,England,E92000001,England,England,Persons,15+ yrs,"County & UA deprivation deciles in England (IMD2019, 4/19 and 4/20 geog.)",Second most deprived decile (IMD2019),2018/19,19.422722820764,19.3784578940102,19.4670644443534,,,594918,3063000.0,,,Worse,Not compared,20180000,,,1y
91547,Smoking prevalence in adults (aged 15 and over) - current smokers (QOF),E92000001,England,E92000001,England,England,Persons,15+ yrs,"County & UA deprivation deciles in England (IMD2019, 4/19 and 4/20 geog.)",Third more deprived decile (IMD2019),2018/19,18.4850404264173,18.4485283879605,18.5216083151077,,,801379,4335284.0,,,Worse,Not compared,20180000,,,1y
91547,Smoking prevalence in adults (aged 15 and over) - current smokers (QOF),E92000001,England,E92000001,England,England,Persons,15+ yrs,"County & UA deprivation deciles in England (IMD2019, 4/19 and 4/20 geog.)",Fourth more deprived decile (IMD2019),2018/19,18.1536650572306,18.1160702894688,18.1913205099677,,,731928,4031847.0,,,Worse,Not compared,20180000,,,1y
91547,Smoking prevalence in adults (aged 15 and over) - current smokers (QOF),E92000001,England,E92000001,England,England,Persons,15+ yrs,"County & UA deprivation deciles in England (IMD2019, 4/19 and 4/20 geog.)",Fifth more deprived decile (IMD2019),2018/19,17.5935094481109,17.5532181041108,17.6338734954843,,,602498,3424547.0,There is a data quality issue with this value. Potential underestimate of the value due to double counting of patients in QOF,,Worse,Not compared,20180000,,,1y
91547,Smoking prevalence in adults (aged 15 and over) - current smokers (QOF),E92000001,England,E92000001,England,England,Persons,15+ yrs,"County & UA deprivation deciles in England (IMD2019, 4/19 and 4/20 geog.)",Fifth less deprived decile (IMD2019),2018/19,16.6662761478069,16.6194974107913,16.7131601604242,,,405434,2432661.0,,,Better,Not compared,20180000,,,1y
91547,Smoking prevalence in adults (aged 15 and over) - current smokers (QOF),E92000001,England,E92000001,England,England,Persons,15+ yrs,"County & UA deprivation deciles in England (IMD2019, 4/19 and 4/20 geog.)",Fourth less deprived decile (IMD2019),2018/19,15.9415288782423,15.8880757890869,15.9951276041422,,,286424,1796716.0,,,Better,Not compared,20180000,,,1y
91547,Smoking prevalence in adults (aged 15 and over) - current smokers (QOF),E92000001,England,E92000001,England,England,Persons,15+ yrs,"County & UA deprivation deciles in England (IMD2019, 4/19 and 4/20 geog.)",Third less deprived decile (IMD2019),2018/19,14.6674652177168,14.6260139611985,14.7090137104514,,,409475,2791723.0,There is a data quality issue with this value. Potential underestimate of the value due to double counting of patients in QOF,,Better,Not compared,20180000,,,1y
91547,Smoking prevalence in adults (aged 15 and over) - current smokers (QOF),E92000001,England,E92000001,England,England,Persons,15+ yrs,"County & UA deprivation deciles in England (IMD2019, 4/19 and 4/20 geog.)",Second least deprived decile (IMD2019),2018/19,14.1667793045683,14.1169954083197,14.2167097027026,,,266219,1879178.0,,,Better,Not compared,20180000,,,1y
91547,Smoking prevalence in adults (aged 15 and over) - current smokers (QOF),E92000001,England,E92000001,England,England,Persons,15+ yrs,"County & UA deprivation deciles in England (IMD2019, 4/19 and 4/20 geog.)",Least deprived decile (IMD2019),2018/19,13.4689230062765,13.4177963877916,13.5202140149151,,,229956,1707308.0,,,Better,Not compared,20180000,,,1y
91547,Smoking prevalence in adults (aged 15 and over) - current smokers (QOF),E92000001,England,E92000001,England,England,Persons,15+ yrs,"District & UA deprivation deciles in England (IMD2019, 4/19 geog.)",Most deprived decile (IMD2019),2018/19,19.9535355630389,19.924578401497,19.9825243070984,,,1458453,7309246.0,,,Worse,Not compared,20180000,,,1y
91547,Smoking prevalence in adults (aged 15 and over) - current smokers (QOF),E92000001,England,E92000001,England,England,Persons,15+ yrs,"District & UA deprivation deciles in England (IMD2019, 4/19 geog.)",Second most deprived decile (IMD2019),2018/19,18.7163199434544,18.6884761617894,18.7441956462347,,,1409244,7529493.0,There is a data quality issue with this value. Potential underestimate of the value due to double counting of patients in QOF,,Worse,Not compared,20180000,,,1y
91547,Smoking prevalence in adults (aged 15 and over) - current smokers (QOF),E92000001,England,E92000001,England,England,Persons,15+ yrs,"District & UA deprivation deciles in England (IMD2019, 4/19 geog.)",Third more deprived decile (IMD2019),2018/19,18.3617092824039,18.3311141972137,18.392343931629,,,1128110,6143818.0,,,Worse,Not compared,20180000,,,1y
91547,Smoking prevalence in adults (aged 15 and over) - current smokers (QOF),E92000001,England,E92000001,England,England,Persons,15+ yrs,"District & UA deprivation deciles in England (IMD2019, 4/19 geog.)",Fourth more deprived decile (IMD2019),2018/19,17.3376963246193,17.3027665360743,17.3726818140143,,,781092,4505166.0,There is a data quality issue with this value. Potential underestimate of the value due to double counting of patients in QOF,,Worse,Not compared,20180000,,,1y
91547,Smoking prevalence in adults (aged 15 and over) - current smokers (QOF),E92000001,England,E92000001,England,England,Persons,15+ yrs,"District & UA deprivation deciles in England (IMD2019, 4/19 geog.)",Fifth more deprived decile (IMD2019),2018/19,16.5345563782056,16.5001262770531,16.5690440670562,,,738219,4464704.0,,,Better,Not compared,20180000,,,1y
91547,Smoking prevalence in adults (aged 15 and over) - current smokers (QOF),E92000001,England,E92000001,England,England,Persons,15+ yrs,"District & UA deprivation deciles in England (IMD2019, 4/19 geog.)",Fifth less deprived decile (IMD2019),2018/19,15.3799791576109,15.3486046478333,15.4114061249222,,,779832,5070436.0,There is a data quality issue with this value. Potential underestimate of the value due to double counting of patients in QOF,,Better,Not compared,20180000,,,1y
91547,Smoking prevalence in adults (aged 15 and over) - current smokers (QOF),E92000001,England,E92000001,England,England,Persons,15+ yrs,"District & UA deprivation deciles in England (IMD2019, 4/19 geog.)",Fourth less deprived decile (IMD2019),2018/19,14.7816658739637,14.745571287862,14.8178334568846,,,547916,3706727.0,,,Better,Not compared,20180000,,,1y
91547,Smoking prevalence in adults (aged 15 and over) - current smokers (QOF),E92000001,England,E92000001,England,England,Persons,15+ yrs,"District & UA deprivation deciles in England (IMD2019, 4/19 geog.)",Third less deprived decile (IMD2019),2018/19,14.059839278129,14.0257477782173,14.0940000579609,,,560375,3985643.0,There is a data quality issue with this value. Potential underestimate of the value due to double counting of patients in QOF,,Better,Not compared,20180000,,,1y
91547,Smoking prevalence in adults (aged 15 and over) - current smokers (QOF),E92000001,England,E92000001,England,England,Persons,15+ yrs,"District & UA deprivation deciles in England (IMD2019, 4/19 geog.)",Second least deprived decile (IMD2019),2018/19,13.5868291912636,13.5498987740125,13.6238444005111,,,448278,3299357.0,,,Better,Not compared,20180000,,,1y
91547,Smoking prevalence in adults (aged 15 and over) - current smokers (QOF),E92000001,England,E92000001,England,England,Persons,15+ yrs,"District & UA deprivation deciles in England (IMD2019, 4/19 geog.)",Least deprived decile (IMD2019),2018/19,12.0340548955503,11.9981390116565,12.0700635459186,,,378391,3144335.0,,,Better,Not compared,20180000,,,1y
91547,Smoking prevalence in adults (aged 15 and over) - current smokers (QOF),E92000001,England,E54000027,NHS North West London Integrated Care Board - QRV,ICBs,Persons,15+ yrs,,,2018/19,15.6466722635005,15.5976128820031,15.6958572564639,,,328766,2101188.0,,,Better,Not compared,20180000,,,1y
91547,Smoking prevalence in adults (aged 15 and over) - current smokers (QOF),E92000001,England,E54000028,NHS North Central London Integrated Care Board - QMJ,ICBs,Persons,15+ yrs,,,2018/19,17.3446639639294,17.2809965205223,17.4085166084811,,,234964,1354676.0,,,Worse,Not compared,20180000,,,1y
91547,Smoking prevalence in adults (aged 15 and over) - current smokers (QOF),E92000001,England,E54000029,NHS North East London Integrated Care Board - QMF,ICBs,Persons,15+ yrs,,,2018/19,17.6928788766993,17.6370625626383,17.7488337678859,,,316906,1791150.0,There is a data quality issue with this value. Potential underestimate of the value due to double counting of patients in QOF,,Worse,Not compared,20180000,,,1y
91547,Smoking prevalence in adults (aged 15 and over) - current smokers (QOF),E92000001,England,E54000030,NHS South East London Integrated Care Board - QKK,ICBs,Persons,15+ yrs,,,2018/19,17.064255552848,17.0069257791083,17.1217387138358,,,281508,1649694.0,,,Worse,Not compared,20180000,,,1y
91547,Smoking prevalence in adults (aged 15 and over) - current smokers (QOF),E92000001,England,E54000031,NHS South West London Integrated Care Board - QWE,ICBs,Persons,15+ yrs,,,2018/19,14.8510256800752,14.792049776904,14.9101955745122,,,206734,1392052.0,,,Better,Not compared,20180000,,,1y
91547,Smoking prevalence in adults (aged 15 and over) - current smokers (QOF),,,E92000001,England,England,Persons,15+ yrs,,,2019/20,16.4645312571065,16.4542653905925,16.4748022655107,,,8250060,50108077.0,,,Not compared,Not compared,20190000,,,1y
91547,Smoking prevalence in adults (aged 15 and over) - current smokers (QOF),,,E92000001,England,England,Persons,15+ yrs,"County & UA deprivation deciles in England (IMD2019, 4/19 and 4/20 geog.)",Most deprived decile (IMD2019),2019/20,19.6627273225548,19.6275882813572,19.6979138548345,,,965015,4907839.0,,,Worse,Not compared,20190000,,,1y
91547,Smoking prevalence in adults (aged 15 and over) - current smokers (QOF),,,E92000001,England,England,Persons,15+ yrs,"County & UA deprivation deciles in England (IMD2019, 4/19 and 4/20 geog.)",Second most deprived decile (IMD2019),2019/20,19.0424244732321,18.9987444662428,19.0861812420205,,,590024,3098471.0,,,Worse,Not compared,20190000,,,1y
91547,Smoking prevalence in adults (aged 15 and over) - current smokers (QOF),,,E92000001,England,England,Persons,15+ yrs,"County & UA deprivation deciles in England (IMD2019, 4/19 and 4/20 geog.)",Third more deprived decile (IMD2019),2019/20,18.1440481947763,18.1080592212995,18.1800928158034,,,798003,4398153.0,,,Worse,Not compared,20190000,,,1y
91547,Smoking prevalence in adults (aged 15 and over) - current smokers (QOF),,,E92000001,England,England,Persons,15+ yrs,"County & UA deprivation deciles in England (IMD2019, 4/19 and 4/20 geog.)",Fourth more deprived decile (IMD2019),2019/20,18.1423212575258,18.1052223377749,18.1794793206619,,,750804,4138412.0,,,Worse,Not compared,20190000,,,1y
91547,Smoking prevalence in adults (aged 15 and over) - current smokers (QOF),,,E92000001,England,England,Persons,15+ yrs,"County & UA deprivation deciles in England (IMD2019, 4/19 and 4/20 geog.)",Fifth more deprived decile (IMD2019),2019/20,17.2652763837839,17.2312018406469,17.2994042255679,,,814689,4718656.0,,,Worse,Not compared,20190000,,,1y
91547,Smoking prevalence in adults (aged 15 and over) - current smokers (QOF),,,E92000001,England,England,Persons,15+ yrs,"County & UA deprivation deciles in England (IMD2019, 4/19 and 4/20 geog.)",Fifth less deprived decile (IMD2019),2019/20,16.4174899926262,16.384689321986,16.4503434086233,,,803085,4891643.0,,,Better,Not compared,20190000,,,1y
91547,Smoking prevalence in adults (aged 15 and over) - current smokers (QOF),,,E92000001,England,England,Persons,15+ yrs,"County & UA deprivation deciles in England (IMD2019, 4/19 and 4/20 geog.)",Fourth less deprived decile (IMD2019),2019/20,16.3270247671913,16.2994259430756,16.3546611916369,,,1123370,6880433.0,,,Better,Not compared,20190000,,,1y
91547,Smoking prevalence in adults (aged 15 and over) - current smokers (QOF),,,E92000001,England,England,Persons,15+ yrs,"County & UA deprivation deciles in England (IMD2019, 4/19 and 4/20 geog.)",Third less deprived decile (IMD2019),2019/20,14.6925995384137,14.6642649540792,14.7209794268913,,,879736,5987613.0,,,Better,Not compared,20190000,,,1y
91547,Smoking prevalence in adults (aged 15 and over) - current smokers (QOF),,,E92000001,England,England,Persons,15+ yrs,"County & UA deprivation deciles in England (IMD2019, 4/19 and 4/20 geog.)",Second least deprived decile (IMD2019),2019/20,14.1690789895269,14.1435872298945,14.1946090982484,,,1017116,7178420.0,,,Better,Not compared,20190000,,,1y
91547,Smoking prevalence in adults (aged 15 and over) - current smokers (QOF),,,E92000001,England,England,Persons,15+ yrs,"County & UA deprivation deciles in England (IMD2019, 4/19 and 4/20 geog.)",Least deprived decile (IMD2019),2019/20,12.9759586127366,12.9405027428106,13.0114971097265,,,446711,3442605.0,,,Better,Not compared,20190000,,,1y
91547,Smoking prevalence in adults (aged 15 and over) - current smokers (QOF),,,E92000001,England,England,Persons,15+ yrs,"District & UA deprivation deciles in England (IMD2019, 4/19 geog.)",Most deprived decile (IMD2019),2019/20,19.6020362006225,19.5734608739064,19.6306430621087,,,1451717,7405950.0,,,Worse,Not compared,20190000,,,1y
91547,Smoking prevalence in adults (aged 15 and over) - current smokers (QOF),,,E92000001,England,England,Persons,15+ yrs,"District & UA deprivation deciles in England (IMD2019, 4/19 geog.)",Second most deprived decile (IMD2019),2019/20,18.4107444396892,18.3832959808479,18.4382246236061,,,1408426,7650022.0,,,Worse,Not compared,20190000,,,1y
91547,Smoking prevalence in adults (aged 15 and over) - current smokers (QOF),,,E92000001,England,England,Persons,15+ yrs,"District & UA deprivation deciles in England (IMD2019, 4/19 geog.)",Third more deprived decile (IMD2019),2019/20,18.2098622175601,18.1796208158967,18.2401427104829,,,1137746,6247966.0,,,Worse,Not compared,20190000,,,1y
91547,Smoking prevalence in adults (aged 15 and over) - current smokers (QOF),,,E92000001,England,England,Persons,15+ yrs,"District & UA deprivation deciles in England (IMD2019, 4/19 geog.)",Fourth more deprived decile (IMD2019),2019/20,17.0078914470527,16.9743924023484,17.0414430327488,,,820518,4824337.0,,,Worse,Not compared,20190000,,,1y
91547,Smoking prevalence in adults (aged 15 and over) - current smokers (QOF),,,E92000001,England,England,Persons,15+ yrs,"District & UA deprivation deciles in England (IMD2019, 4/19 geog.)",Fifth more deprived decile (IMD2019),2019/20,16.26379111076,16.2298441532875,16.2977952587393,,,737089,4532086.0,,,Better,Not compared,20190000,,,1y
91547,Smoking prevalence in adults (aged 15 and over) - current smokers (QOF),,,E92000001,England,England,Persons,15+ yrs,"District & UA deprivation deciles in England (IMD2019, 4/19 geog.)",Fifth less deprived decile (IMD2019),2019/20,15.0180532367399,14.9872855274281,15.0488729285456,,,776473,5170264.0,,,Better,Not compared,20190000,,,1y
91547,Smoking prevalence in adults (aged 15 and over) - current smokers (QOF),,,E92000001,England,England,Persons,15+ yrs,"District & UA deprivation deciles in England (IMD2019, 4/19 geog.)",Fourth less deprived decile (IMD2019),2019/20,14.4802621531174,14.4445970225729,14.5160004033053,,,540428,3732170.0,,,Better,Not compared,20190000,,,1y
91547,Smoking prevalence in adults (aged 15 and over) - current smokers (QOF),,,E92000001,England,England,Persons,15+ yrs,"District & UA deprivation deciles in England (IMD2019, 4/19 geog.)",Third less deprived decile (IMD2019),2019/20,13.8949271382725,13.8610899684277,13.9288335532279,,,556623,4005944.0,,,Better,Not compared,20190000,,,1y
91547,Smoking prevalence in adults (aged 15 and over) - current smokers (QOF),,,E92000001,England,England,Persons,15+ yrs,"District & UA deprivation deciles in England (IMD2019, 4/19 geog.)",Second least deprived decile (IMD2019),2019/20,13.2292851203896,13.1912182691072,13.2674450346322,,,401594,3035644.0,,,Better,Not compared,20190000,,,1y
91547,Smoking prevalence in adults (aged 15 and over) - current smokers (QOF),,,E92000001,England,England,Persons,15+ yrs,"District & UA deprivation deciles in England (IMD2019, 4/19 geog.)",Least deprived decile (IMD2019),2019/20,11.7825957861154,11.7463896223152,11.8188986036798,,,357939,3037862.0,,,Better,Not compared,20190000,,,1y
91547,Smoking prevalence in adults (aged 15 and over) - current smokers (QOF),E92000001,England,E92000001,England,England,Persons,15+ yrs,,,2019/20,16.4645312571065,16.4542653905925,16.4748022655107,,,8250060,50108077.0,,,Similar,Not compared,20190000,,,1y
91547,Smoking prevalence in adults (aged 15 and over) - current smokers (QOF),E92000001,England,E92000001,England,England,Persons,15+ yrs,"County & UA deprivation deciles in England (IMD2019, 4/19 and 4/20 geog.)",Most deprived decile (IMD2019),2019/20,19.6627273225548,19.6275882813572,19.6979138548345,,,965015,4907839.0,,,Worse,Not compared,20190000,,,1y
91547,Smoking prevalence in adults (aged 15 and over) - current smokers (QOF),E92000001,England,E92000001,England,England,Persons,15+ yrs,"County & UA deprivation deciles in England (IMD2019, 4/19 and 4/20 geog.)",Second most deprived decile (IMD2019),2019/20,19.0424244732321,18.9987444662428,19.0861812420205,,,590024,3098471.0,,,Worse,Not compared,20190000,,,1y
91547,Smoking prevalence in adults (aged 15 and over) - current smokers (QOF),E92000001,England,E92000001,England,England,Persons,15+ yrs,"County & UA deprivation deciles in England (IMD2019, 4/19 and 4/20 geog.)",Third more deprived decile (IMD2019),2019/20,18.1440481947763,18.1080592212995,18.1800928158034,,,798003,4398153.0,,,Worse,Not compared,20190000,,,1y
91547,Smoking prevalence in adults (aged 15 and over) - current smokers (QOF),E92000001,England,E92000001,England,England,Persons,15+ yrs,"County & UA deprivation deciles in England (IMD2019, 4/19 and 4/20 geog.)",Fourth more deprived decile (IMD2019),2019/20,18.1423212575258,18.1052223377749,18.1794793206619,,,750804,4138412.0,,,Worse,Not compared,20190000,,,1y
91547,Smoking prevalence in adults (aged 15 and over) - current smokers (QOF),E92000001,England,E92000001,England,England,Persons,15+ yrs,"County & UA deprivation deciles in England (IMD2019, 4/19 and 4/20 geog.)",Fifth more deprived decile (IMD2019),2019/20,17.2652763837839,17.2312018406469,17.2994042255679,,,814689,4718656.0,,,Worse,Not compared,20190000,,,1y
91547,Smoking prevalence in adults (aged 15 and over) - current smokers (QOF),E92000001,England,E92000001,England,England,Persons,15+ yrs,"County & UA deprivation deciles in England (IMD2019, 4/19 and 4/20 geog.)",Fifth less deprived decile (IMD2019),2019/20,16.4174899926262,16.384689321986,16.4503434086233,,,803085,4891643.0,,,Better,Not compared,20190000,,,1y
91547,Smoking prevalence in adults (aged 15 and over) - current smokers (QOF),E92000001,England,E92000001,England,England,Persons,15+ yrs,"County & UA deprivation deciles in England (IMD2019, 4/19 and 4/20 geog.)",Fourth less deprived decile (IMD2019),2019/20,16.3270247671913,16.2994259430756,16.3546611916369,,,1123370,6880433.0,,,Better,Not compared,20190000,,,1y
91547,Smoking prevalence in adults (aged 15 and over) - current smokers (QOF),E92000001,England,E92000001,England,England,Persons,15+ yrs,"County & UA deprivation deciles in England (IMD2019, 4/19 and 4/20 geog.)",Third less deprived decile (IMD2019),2019/20,14.6925995384137,14.6642649540792,14.7209794268913,,,879736,5987613.0,,,Better,Not compared,20190000,,,1y
91547,Smoking prevalence in adults (aged 15 and over) - current smokers (QOF),E92000001,England,E92000001,England,England,Persons,15+ yrs,"County & UA deprivation deciles in England (IMD2019, 4/19 and 4/20 geog.)",Second least deprived decile (IMD2019),2019/20,14.1690789895269,14.1435872298945,14.1946090982484,,,1017116,7178420.0,,,Better,Not compared,20190000,,,1y
91547,Smoking prevalence in adults (aged 15 and over) - current smokers (QOF),E92000001,England,E92000001,England,England,Persons,15+ yrs,"County & UA deprivation deciles in England (IMD2019, 4/19 and 4/20 geog.)",Least deprived decile (IMD2019),2019/20,12.9759586127366,12.9405027428106,13.0114971097265,,,446711,3442605.0,,,Better,Not compared,20190000,,,1y
91547,Smoking prevalence in adults (aged 15 and over) - current smokers (QOF),E92000001,England,E92000001,England,England,Persons,15+ yrs,"District & UA deprivation deciles in England (IMD2019, 4/19 geog.)",Most deprived decile (IMD2019),2019/20,19.6020362006225,19.5734608739064,19.6306430621087,,,1451717,7405950.0,,,Worse,Not compared,20190000,,,1y
91547,Smoking prevalence in adults (aged 15 and over) - current smokers (QOF),E92000001,England,E92000001,England,England,Persons,15+ yrs,"District & UA deprivation deciles in England (IMD2019, 4/19 geog.)",Second most deprived decile (IMD2019),2019/20,18.4107444396892,18.3832959808479,18.4382246236061,,,1408426,7650022.0,,,Worse,Not compared,20190000,,,1y
91547,Smoking prevalence in adults (aged 15 and over) - current smokers (QOF),E92000001,England,E92000001,England,England,Persons,15+ yrs,"District & UA deprivation deciles in England (IMD2019, 4/19 geog.)",Third more deprived decile (IMD2019),2019/20,18.2098622175601,18.1796208158967,18.2401427104829,,,1137746,6247966.0,,,Worse,Not compared,20190000,,,1y
91547,Smoking prevalence in adults (aged 15 and over) - current smokers (QOF),E92000001,England,E92000001,England,England,Persons,15+ yrs,"District & UA deprivation deciles in England (IMD2019, 4/19 geog.)",Fourth more deprived decile (IMD2019),2019/20,17.0078914470527,16.9743924023484,17.0414430327488,,,820518,4824337.0,,,Worse,Not compared,20190000,,,1y
91547,Smoking prevalence in adults (aged 15 and over) - current smokers (QOF),E92000001,England,E92000001,England,England,Persons,15+ yrs,"District & UA deprivation deciles in England (IMD2019, 4/19 geog.)",Fifth more deprived decile (IMD2019),2019/20,16.26379111076,16.2298441532875,16.2977952587393,,,737089,4532086.0,,,Better,Not compared,20190000,,,1y
91547,Smoking prevalence in adults (aged 15 and over) - current smokers (QOF),E92000001,England,E92000001,England,England,Persons,15+ yrs,"District & UA deprivation deciles in England (IMD2019, 4/19 geog.)",Fifth less deprived decile (IMD2019),2019/20,15.0180532367399,14.9872855274281,15.0488729285456,,,776473,5170264.0,,,Better,Not compared,20190000,,,1y
91547,Smoking prevalence in adults (aged 15 and over) - current smokers (QOF),E92000001,England,E92000001,England,England,Persons,15+ yrs,"District & UA deprivation deciles in England (IMD2019, 4/19 geog.)",Fourth less deprived decile (IMD2019),2019/20,14.4802621531174,14.4445970225729,14.5160004033053,,,540428,3732170.0,,,Better,Not compared,20190000,,,1y
91547,Smoking prevalence in adults (aged 15 and over) - current smokers (QOF),E92000001,England,E92000001,England,England,Persons,15+ yrs,"District & UA deprivation deciles in England (IMD2019, 4/19 geog.)",Third less deprived decile (IMD2019),2019/20,13.8949271382725,13.8610899684277,13.9288335532279,,,556623,4005944.0,,,Better,Not compared,20190000,,,1y
91547,Smoking prevalence in adults (aged 15 and over) - current smokers (QOF),E92000001,England,E92000001,England,England,Persons,15+ yrs,"District & UA deprivation deciles in England (IMD2019, 4/19 geog.)",Second least deprived decile (IMD2019),2019/20,13.2292851203896,13.1912182691072,13.2674450346322,,,401594,3035644.0,,,Better,Not compared,20190000,,,1y
91547,Smoking prevalence in adults (aged 15 and over) - current smokers (QOF),E92000001,England,E92000001,England,England,Persons,15+ yrs,"District & UA deprivation deciles in England (IMD2019, 4/19 geog.)",Least deprived decile (IMD2019),2019/20,11.7825957861154,11.7463896223152,11.8188986036798,,,357939,3037862.0,,,Better,Not compared,20190000,,,1y
91547,Smoking prevalence in adults (aged 15 and over) - current smokers (QOF),,,E92000001,England,England,Persons,15+ yrs,,,2020/21,15.9356151430674,15.9255191553964,15.9457163171901,,,8041280,50461058.0,,,Not compared,Not compared,20200000,,,1y
91547,Smoking prevalence in adults (aged 15 and over) - current smokers (QOF),,,E92000001,England,England,Persons,15+ yrs,"County & UA deprivation deciles in England (IMD2019, 4/21 geography)",Most deprived decile (IMD2019),2020/21,19.0234575579069,18.9888191498017,19.058144286969,,,936942,4925193.0,,,Worse,Not compared,20200000,,,1y
91547,Smoking prevalence in adults (aged 15 and over) - current smokers (QOF),,,E92000001,England,England,Persons,15+ yrs,"County & UA deprivation deciles in England (IMD2019, 4/21 geography)",Second most deprived decile (IMD2019),2020/21,18.3864524801185,18.343447239636,18.4295357886736,,,572036,3111182.0,,,Worse,Not compared,20200000,,,1y
91547,Smoking prevalence in adults (aged 15 and over) - current smokers (QOF),,,E92000001,England,England,Persons,15+ yrs,"County & UA deprivation deciles in England (IMD2019, 4/21 geography)",Third more deprived decile (IMD2019),2020/21,17.5162959004587,17.4809035887271,17.5517446272022,,,774888,4423812.0,,,Worse,Not compared,20200000,,,1y
91547,Smoking prevalence in adults (aged 15 and over) - current smokers (QOF),,,E92000001,England,England,Persons,15+ yrs,"County & UA deprivation deciles in England (IMD2019, 4/21 geography)",Fourth more deprived decile (IMD2019),2020/21,17.2345152195167,17.1983137045582,17.270777042435,,,719394,4174147.0,,,Worse,Not compared,20200000,,,1y
91547,Smoking prevalence in adults (aged 15 and over) - current smokers (QOF),,,E92000001,England,England,Persons,15+ yrs,"County & UA deprivation deciles in England (IMD2019, 4/21 geography)",Fifth more deprived decile (IMD2019),2020/21,16.7142212219979,16.6807235942605,16.7477725969665,,,795270,4758044.0,,,Worse,Not compared,20200000,,,1y
91547,Smoking prevalence in adults (aged 15 and over) - current smokers (QOF),,,E92000001,England,England,Persons,15+ yrs,"County & UA deprivation deciles in England (IMD2019, 4/21 geography)",Fifth less deprived decile (IMD2019),2020/21,16.1108015267975,16.0793869276166,16.1422656956323,,,846230,5252563.0,,,Worse,Not compared,20200000,,,1y
91547,Smoking prevalence in adults (aged 15 and over) - current smokers (QOF),,,E92000001,England,England,Persons,15+ yrs,"County & UA deprivation deciles in England (IMD2019, 4/21 geography)",Fourth less deprived decile (IMD2019),2020/21,15.6657994267355,15.6379261621383,15.6937131308488,,,1021879,6522993.0,,,Better,Not compared,20200000,,,1y
91547,Smoking prevalence in adults (aged 15 and over) - current smokers (QOF),,,E92000001,England,England,Persons,15+ yrs,"County & UA deprivation deciles in England (IMD2019, 4/21 geography)",Third less deprived decile (IMD2019),2020/21,14.4151433684434,14.3873352005904,14.4429962171353,,,882041,6118850.0,,,Better,Not compared,20200000,,,1y
91547,Smoking prevalence in adults (aged 15 and over) - current smokers (QOF),,,E92000001,England,England,Persons,15+ yrs,"County & UA deprivation deciles in England (IMD2019, 4/21 geography)",Second least deprived decile (IMD2019),2020/21,13.7487263887822,13.7236537751737,13.7738374961877,,,994766,7235332.0,,,Better,Not compared,20200000,,,1y
91547,Smoking prevalence in adults (aged 15 and over) - current smokers (QOF),,,E92000001,England,England,Persons,15+ yrs,"County & UA deprivation deciles in England (IMD2019, 4/21 geography)",Least deprived decile (IMD2019),2020/21,12.6393070166394,12.6065221417614,12.6721647897908,,,497676,3937526.0,,,Better,Not compared,20200000,,,1y
91547,Smoking prevalence in adults (aged 15 and over) - current smokers (QOF),,,E92000001,England,England,Persons,15+ yrs,"District & UA deprivation deciles in England (IMD2019, 4/21 geography)",Most deprived decile (IMD2019),2020/21,19.0486391503747,19.019762290143,19.0775495245333,,,1351588,7095457.0,,,Worse,Not compared,20200000,,,1y
91547,Smoking prevalence in adults (aged 15 and over) - current smokers (QOF),,,E92000001,England,England,Persons,15+ yrs,"District & UA deprivation deciles in England (IMD2019, 4/21 geography)",Second most deprived decile (IMD2019),2020/21,17.790327219614,17.7629732020483,17.8177142342414,,,1334200,7499581.0,,,Worse,Not compared,20200000,,,1y
91547,Smoking prevalence in adults (aged 15 and over) - current smokers (QOF),,,E92000001,England,England,Persons,15+ yrs,"District & UA deprivation deciles in England (IMD2019, 4/21 geography)",Third more deprived decile (IMD2019),2020/21,17.4147602067391,17.3856013455792,17.4439576464855,,,1130103,6489340.0,,,Worse,Not compared,20200000,,,1y
91547,Smoking prevalence in adults (aged 15 and over) - current smokers (QOF),,,E92000001,England,England,Persons,15+ yrs,"District & UA deprivation deciles in England (IMD2019, 4/21 geography)",Fourth more deprived decile (IMD2019),2020/21,16.286661621268,16.2539442573723,16.3194320082367,,,795600,4884979.0,,,Worse,Not compared,20200000,,,1y
91547,Smoking prevalence in adults (aged 15 and over) - current smokers (QOF),,,E92000001,England,England,Persons,15+ yrs,"District & UA deprivation deciles in England (IMD2019, 4/21 geography)",Fifth more deprived decile (IMD2019),2020/21,16.0817410160762,16.0479141802633,16.1156254669261,,,727372,4522968.0,,,Worse,Not compared,20200000,,,1y
91547,Smoking prevalence in adults (aged 15 and over) - current smokers (QOF),,,E92000001,England,England,Persons,15+ yrs,"District & UA deprivation deciles in England (IMD2019, 4/21 geography)",Fifth less deprived decile (IMD2019),2020/21,14.9158335399581,14.8850325819802,14.9466870407775,,,765193,5130072.0,,,Better,Not compared,20200000,,,1y
91547,Smoking prevalence in adults (aged 15 and over) - current smokers (QOF),,,E92000001,England,England,Persons,15+ yrs,"District & UA deprivation deciles in England (IMD2019, 4/21 geography)",Fourth less deprived decile (IMD2019),2020/21,13.9425260905607,13.9093714005781,13.9757469795473,,,583460,4184751.0,,,Better,Not compared,20200000,,,1y
91547,Smoking prevalence in adults (aged 15 and over) - current smokers (QOF),,,E92000001,England,England,Persons,15+ yrs,"District & UA deprivation deciles in England (IMD2019, 4/21 geography)",Third less deprived decile (IMD2019),2020/21,13.5796960561722,13.5449441608674,13.6145230726722,,,505821,3724833.0,,,Better,Not compared,20200000,,,1y
91547,Smoking prevalence in adults (aged 15 and over) - current smokers (QOF),,,E92000001,England,England,Persons,15+ yrs,"District & UA deprivation deciles in England (IMD2019, 4/21 geography)",Second least deprived decile (IMD2019),2020/21,12.8675014152507,12.8316459947598,12.9034421952873,,,430053,3342164.0,,,Better,Not compared,20200000,,,1y
91547,Smoking prevalence in adults (aged 15 and over) - current smokers (QOF),,,E92000001,England,England,Persons,15+ yrs,"District & UA deprivation deciles in England (IMD2019, 4/21 geography)",Least deprived decile (IMD2019),2020/21,11.6506024129988,11.6174349819256,11.6838520181605,,,417732,3585497.0,,,Better,Not compared,20200000,,,1y
91547,Smoking prevalence in adults (aged 15 and over) - current smokers (QOF),E92000001,England,E92000001,England,England,Persons,15+ yrs,,,2020/21,15.9356151430674,15.9255191553964,15.9457163171901,,,8041280,50461058.0,,,Similar,Not compared,20200000,,,1y
91547,Smoking prevalence in adults (aged 15 and over) - current smokers (QOF),E92000001,England,E92000001,England,England,Persons,15+ yrs,"County & UA deprivation deciles in England (IMD2019, 4/21 geography)",Most deprived decile (IMD2019),2020/21,19.0234575579069,18.9888191498017,19.058144286969,,,936942,4925193.0,,,Worse,Not compared,20200000,,,1y
91547,Smoking prevalence in adults (aged 15 and over) - current smokers (QOF),E92000001,England,E92000001,England,England,Persons,15+ yrs,"County & UA deprivation deciles in England (IMD2019, 4/21 geography)",Second most deprived decile (IMD2019),2020/21,18.3864524801185,18.343447239636,18.4295357886736,,,572036,3111182.0,,,Worse,Not compared,20200000,,,1y
91547,Smoking prevalence in adults (aged 15 and over) - current smokers (QOF),E92000001,England,E92000001,England,England,Persons,15+ yrs,"County & UA deprivation deciles in England (IMD2019, 4/21 geography)",Third more deprived decile (IMD2019),2020/21,17.5162959004587,17.4809035887271,17.5517446272022,,,774888,4423812.0,,,Worse,Not compared,20200000,,,1y
91547,Smoking prevalence in adults (aged 15 and over) - current smokers (QOF),E92000001,England,E92000001,England,England,Persons,15+ yrs,"County & UA deprivation deciles in England (IMD2019, 4/21 geography)",Fourth more deprived decile (IMD2019),2020/21,17.2345152195167,17.1983137045582,17.270777042435,,,719394,4174147.0,,,Worse,Not compared,20200000,,,1y
91547,Smoking prevalence in adults (aged 15 and over) - current smokers (QOF),E92000001,England,E92000001,England,England,Persons,15+ yrs,"County & UA deprivation deciles in England (IMD2019, 4/21 geography)",Fifth more deprived decile (IMD2019),2020/21,16.7142212219979,16.6807235942605,16.7477725969665,,,795270,4758044.0,,,Worse,Not compared,20200000,,,1y
91547,Smoking prevalence in adults (aged 15 and over) - current smokers (QOF),E92000001,England,E92000001,England,England,Persons,15+ yrs,"County & UA deprivation deciles in England (IMD2019, 4/21 geography)",Fifth less deprived decile (IMD2019),2020/21,16.1108015267975,16.0793869276166,16.1422656956323,,,846230,5252563.0,,,Worse,Not compared,20200000,,,1y
91547,Smoking prevalence in adults (aged 15 and over) - current smokers (QOF),E92000001,England,E92000001,England,England,Persons,15+ yrs,"County & UA deprivation deciles in England (IMD2019, 4/21 geography)",Fourth less deprived decile (IMD2019),2020/21,15.6657994267355,15.6379261621383,15.6937131308488,,,1021879,6522993.0,,,Better,Not compared,20200000,,,1y
91547,Smoking prevalence in adults (aged 15 and over) - current smokers (QOF),E92000001,England,E92000001,England,England,Persons,15+ yrs,"County & UA deprivation deciles in England (IMD2019, 4/21 geography)",Third less deprived decile (IMD2019),2020/21,14.4151433684434,14.3873352005904,14.4429962171353,,,882041,6118850.0,,,Better,Not compared,20200000,,,1y
91547,Smoking prevalence in adults (aged 15 and over) - current smokers (QOF),E92000001,England,E92000001,England,England,Persons,15+ yrs,"County & UA deprivation deciles in England (IMD2019, 4/21 geography)",Second least deprived decile (IMD2019),2020/21,13.7487263887822,13.7236537751737,13.7738374961877,,,994766,7235332.0,,,Better,Not compared,20200000,,,1y
91547,Smoking prevalence in adults (aged 15 and over) - current smokers (QOF),E92000001,England,E92000001,England,England,Persons,15+ yrs,"County & UA deprivation deciles in England (IMD2019, 4/21 geography)",Least deprived decile (IMD2019),2020/21,12.6393070166394,12.6065221417614,12.6721647897908,,,497676,3937526.0,,,Better,Not compared,20200000,,,1y
91547,Smoking prevalence in adults (aged 15 and over) - current smokers (QOF),E92000001,England,E92000001,England,England,Persons,15+ yrs,"District & UA deprivation deciles in England (IMD2019, 4/21 geography)",Most deprived decile (IMD2019),2020/21,19.0486391503747,19.019762290143,19.0775495245333,,,1351588,7095457.0,,,Worse,Not compared,20200000,,,1y
91547,Smoking prevalence in adults (aged 15 and over) - current smokers (QOF),E92000001,England,E92000001,England,England,Persons,15+ yrs,"District & UA deprivation deciles in England (IMD2019, 4/21 geography)",Second most deprived decile (IMD2019),2020/21,17.790327219614,17.7629732020483,17.8177142342414,,,1334200,7499581.0,,,Worse,Not compared,20200000,,,1y
91547,Smoking prevalence in adults (aged 15 and over) - current smokers (QOF),E92000001,England,E92000001,England,England,Persons,15+ yrs,"District & UA deprivation deciles in England (IMD2019, 4/21 geography)",Third more deprived decile (IMD2019),2020/21,17.4147602067391,17.3856013455792,17.4439576464855,,,1130103,6489340.0,,,Worse,Not compared,20200000,,,1y
91547,Smoking prevalence in adults (aged 15 and over) - current smokers (QOF),E92000001,England,E92000001,England,England,Persons,15+ yrs,"District & UA deprivation deciles in England (IMD2019, 4/21 geography)",Fourth more deprived decile (IMD2019),2020/21,16.286661621268,16.2539442573723,16.3194320082367,,,795600,4884979.0,,,Worse,Not compared,20200000,,,1y
91547,Smoking prevalence in adults (aged 15 and over) - current smokers (QOF),E92000001,England,E92000001,England,England,Persons,15+ yrs,"District & UA deprivation deciles in England (IMD2019, 4/21 geography)",Fifth more deprived decile (IMD2019),2020/21,16.0817410160762,16.0479141802633,16.1156254669261,,,727372,4522968.0,,,Worse,Not compared,20200000,,,1y
91547,Smoking prevalence in adults (aged 15 and over) - current smokers (QOF),E92000001,England,E92000001,England,England,Persons,15+ yrs,"District & UA deprivation deciles in England (IMD2019, 4/21 geography)",Fifth less deprived decile (IMD2019),2020/21,14.9158335399581,14.8850325819802,14.9466870407775,,,765193,5130072.0,,,Better,Not compared,20200000,,,1y
91547,Smoking prevalence in adults (aged 15 and over) - current smokers (QOF),E92000001,England,E92000001,England,England,Persons,15+ yrs,"District & UA deprivation deciles in England (IMD2019, 4/21 geography)",Fourth less deprived decile (IMD2019),2020/21,13.9425260905607,13.9093714005781,13.9757469795473,,,583460,4184751.0,,,Better,Not compared,20200000,,,1y
91547,Smoking prevalence in adults (aged 15 and over) - current smokers (QOF),E92000001,England,E92000001,England,England,Persons,15+ yrs,"District & UA deprivation deciles in England (IMD2019, 4/21 geography)",Third less deprived decile (IMD2019),2020/21,13.5796960561722,13.5449441608674,13.6145230726722,,,505821,3724833.0,,,Better,Not compared,20200000,,,1y
91547,Smoking prevalence in adults (aged 15 and over) - current smokers (QOF),E92000001,England,E92000001,England,England,Persons,15+ yrs,"District & UA deprivation deciles in England (IMD2019, 4/21 geography)",Second least deprived decile (IMD2019),2020/21,12.8675014152507,12.8316459947598,12.9034421952873,,,430053,3342164.0,,,Better,Not compared,20200000,,,1y
91547,Smoking prevalence in adults (aged 15 and over) - current smokers (QOF),E92000001,England,E92000001,England,England,Persons,15+ yrs,"District & UA deprivation deciles in England (IMD2019, 4/21 geography)",Least deprived decile (IMD2019),2020/21,11.6506024129988,11.6174349819256,11.6838520181605,,,417732,3585497.0,,,Better,Not compared,20200000,,,1y
91547,Smoking prevalence in adults (aged 15 and over) - current smokers (QOF),,,E92000001,England,England,Persons,15+ yrs,,,2021/22,15.38901,15.37914,15.39888,,,7901579,51345613.0,,,Not compared,Not compared,20210000,,,1y
91547,Smoking prevalence in adults (aged 15 and over) - current smokers (QOF),,,E92000001,England,England,Persons,15+ yrs,"County & UA deprivation deciles in England (IMD2019, 4/21 geography)",Most deprived decile (IMD2019),2021/22,19.76723,19.73735,19.79714,,,1347421,6816438.0,,,Worse,Not compared,20210000,,,1y
91547,Smoking prevalence in adults (aged 15 and over) - current smokers (QOF),,,E92000001,England,England,Persons,15+ yrs,"County & UA deprivation deciles in England (IMD2019, 4/21 geography)",Second most deprived decile (IMD2019),2021/22,17.77394,17.74356,17.80436,,,1079715,6074708.0,,,Worse,Not compared,20210000,,,1y
91547,Smoking prevalence in adults (aged 15 and over) - current smokers (QOF),,,E92000001,England,England,Persons,15+ yrs,"County & UA deprivation deciles in England (IMD2019, 4/21 geography)",Third more deprived decile (IMD2019),2021/22,16.67523,16.64636,16.70413,,,1066629,6396489.0,,,Worse,Not compared,20210000,,,1y
91547,Smoking prevalence in adults (aged 15 and over) - current smokers (QOF),,,E92000001,England,England,Persons,15+ yrs,"County & UA deprivation deciles in England (IMD2019, 4/21 geography)",Fourth more deprived decile (IMD2019),2021/22,15.87565,15.84627,15.90507,,,942443,5936407.0,,,Worse,Not compared,20210000,,,1y
91547,Smoking prevalence in adults (aged 15 and over) - current smokers (QOF),,,E92000001,England,England,Persons,15+ yrs,"County & UA deprivation deciles in England (IMD2019, 4/21 geography)",Fifth more deprived decile (IMD2019),2021/22,15.36183,15.3312,15.39251,,,816515,5315219.0,,,Similar,Not compared,20210000,,,1y
91547,Smoking prevalence in adults (aged 15 and over) - current smokers (QOF),,,E92000001,England,England,Persons,15+ yrs,"County & UA deprivation deciles in England (IMD2019, 4/21 geography)",Fifth less deprived decile (IMD2019),2021/22,14.14827,14.11664,14.17995,,,658714,4655793.0,,,Better,Not compared,20210000,,,1y
91547,Smoking prevalence in adults (aged 15 and over) - current smokers (QOF),,,E92000001,England,England,Persons,15+ yrs,"County & UA deprivation deciles in England (IMD2019, 4/21 geography)",Fourth less deprived decile (IMD2019),2021/22,13.56779,13.53696,13.59869,,,641570,4728625.0,,,Better,Not compared,20210000,,,1y
91547,Smoking prevalence in adults (aged 15 and over) - current smokers (QOF),,,E92000001,England,England,Persons,15+ yrs,"County & UA deprivation deciles in England (IMD2019, 4/21 geography)",Third less deprived decile (IMD2019),2021/22,12.69931,12.66681,12.73189,,,510812,4022359.0,,,Better,Not compared,20210000,,,1y
91547,Smoking prevalence in adults (aged 15 and over) - current smokers (QOF),,,E92000001,England,England,Persons,15+ yrs,"County & UA deprivation deciles in England (IMD2019, 4/21 geography)",Second least deprived decile (IMD2019),2021/22,11.94117,11.90919,11.97322,,,470662,3941507.0,,,Better,Not compared,20210000,,,1y
91547,Smoking prevalence in adults (aged 15 and over) - current smokers (QOF),,,E92000001,England,England,Persons,15+ yrs,"County & UA deprivation deciles in England (IMD2019, 4/21 geography)",Least deprived decile (IMD2019),2021/22,10.6157,10.58327,10.64821,,,367098,3458068.0,,,Better,Not compared,20210000,,,1y
91547,Smoking prevalence in adults (aged 15 and over) - current smokers (QOF),,,E92000001,England,England,Persons,15+ yrs,"District & UA deprivation deciles in England (IMD2019, 4/21 geography)",Most deprived decile (IMD2019),2021/22,19.16465,19.13527,19.19407,,,1319465,6884888.0,,,Worse,Not compared,20210000,,,1y
91547,Smoking prevalence in adults (aged 15 and over) - current smokers (QOF),,,E92000001,England,England,Persons,15+ yrs,"District & UA deprivation deciles in England (IMD2019, 4/21 geography)",Second most deprived decile (IMD2019),2021/22,17.37515,17.34535,17.40498,,,1077933,6203878.0,,,Worse,Not compared,20210000,,,1y
91547,Smoking prevalence in adults (aged 15 and over) - current smokers (QOF),,,E92000001,England,England,Persons,15+ yrs,"District & UA deprivation deciles in England (IMD2019, 4/21 geography)",Third more deprived decile (IMD2019),2021/22,16.53762,16.50886,16.56642,,,1058724,6401912.0,,,Worse,Not compared,20210000,,,1y
91547,Smoking prevalence in adults (aged 15 and over) - current smokers (QOF),,,E92000001,England,England,Persons,15+ yrs,"District & UA deprivation deciles in England (IMD2019, 4/21 geography)",Fourth more deprived decile (IMD2019),2021/22,15.9779,15.94787,16.00799,,,911855,5706975.0,,,Worse,Not compared,20210000,,,1y
91547,Smoking prevalence in adults (aged 15 and over) - current smokers (QOF),,,E92000001,England,England,Persons,15+ yrs,"District & UA deprivation deciles in England (IMD2019, 4/21 geography)",Fifth more deprived decile (IMD2019),2021/22,15.63516,15.6042,15.66618,,,824971,5276383.0,,,Worse,Not compared,20210000,,,1y
91547,Smoking prevalence in adults (aged 15 and over) - current smokers (QOF),,,E92000001,England,England,Persons,15+ yrs,"District & UA deprivation deciles in England (IMD2019, 4/21 geography)",Fifth less deprived decile (IMD2019),2021/22,14.44602,14.41471,14.47739,,,698279,4833712.0,,,Better,Not compared,20210000,,,1y
91547,Smoking prevalence in adults (aged 15 and over) - current smokers (QOF),,,E92000001,England,England,Persons,15+ yrs,"District & UA deprivation deciles in England (IMD2019, 4/21 geography)",Fourth less deprived decile (IMD2019),2021/22,13.71279,13.68192,13.74372,,,652861,4760964.0,,,Better,Not compared,20210000,,,1y
91547,Smoking prevalence in adults (aged 15 and over) - current smokers (QOF),,,E92000001,England,England,Persons,15+ yrs,"District & UA deprivation deciles in England (IMD2019, 4/21 geography)",Third less deprived decile (IMD2019),2021/22,13.03445,13.0015,13.06747,,,521671,4002247.0,,,Better,Not compared,20210000,,,1y
91547,Smoking prevalence in adults (aged 15 and over) - current smokers (QOF),,,E92000001,England,England,Persons,15+ yrs,"District & UA deprivation deciles in England (IMD2019, 4/21 geography)",Second least deprived decile (IMD2019),2021/22,11.95827,11.92614,11.99047,,,467506,3909480.0,,,Better,Not compared,20210000,,,1y
91547,Smoking prevalence in adults (aged 15 and over) - current smokers (QOF),,,E92000001,England,England,Persons,15+ yrs,"District & UA deprivation deciles in England (IMD2019, 4/21 geography)",Least deprived decile (IMD2019),2021/22,10.94487,10.91156,10.97827,,,368314,3365174.0,,,Better,Not compared,20210000,,,1y
91547,Smoking prevalence in adults (aged 15 and over) - current smokers (QOF),E92000001,England,E92000001,England,England,Persons,15+ yrs,,,2021/22,15.38901,15.37914,15.39888,,,7901579,51345613.0,,,Similar,Not compared,20210000,,,1y
91547,Smoking prevalence in adults (aged 15 and over) - current smokers (QOF),E92000001,England,E92000001,England,England,Persons,15+ yrs,"County & UA deprivation deciles in England (IMD2019, 4/21 geography)",Most deprived decile (IMD2019),2021/22,19.76723,19.73735,19.79714,,,1347421,6816438.0,,,Worse,Not compared,20210000,,,1y
91547,Smoking prevalence in adults (aged 15 and over) - current smokers (QOF),E92000001,England,E92000001,England,England,Persons,15+ yrs,"County & UA deprivation deciles in England (IMD2019, 4/21 geography)",Second most deprived decile (IMD2019),2021/22,17.77394,17.74356,17.80436,,,1079715,6074708.0,,,Worse,Not compared,20210000,,,1y
91547,Smoking prevalence in adults (aged 15 and over) - current smokers (QOF),E92000001,England,E92000001,England,England,Persons,15+ yrs,"County & UA deprivation deciles in England (IMD2019, 4/21 geography)",Third more deprived decile (IMD2019),2021/22,16.67523,16.64636,16.70413,,,1066629,6396489.0,,,Worse,Not compared,20210000,,,1y
91547,Smoking prevalence in adults (aged 15 and over) - current smokers (QOF),E92000001,England,E92000001,England,England,Persons,15+ yrs,"County & UA deprivation deciles in England (IMD2019, 4/21 geography)",Fourth more deprived decile (IMD2019),2021/22,15.87565,15.84627,15.90507,,,942443,5936407.0,,,Worse,Not compared,20210000,,,1y
91547,Smoking prevalence in adults (aged 15 and over) - current smokers (QOF),E92000001,England,E92000001,England,England,Persons,15+ yrs,"County & UA deprivation deciles in England (IMD2019, 4/21 geography)",Fifth more deprived decile (IMD2019),2021/22,15.36183,15.3312,15.39251,,,816515,5315219.0,,,Similar,Not compared,20210000,,,1y
91547,Smoking prevalence in adults (aged 15 and over) - current smokers (QOF),E92000001,England,E92000001,England,England,Persons,15+ yrs,"County & UA deprivation deciles in England (IMD2019, 4/21 geography)",Fifth less deprived decile (IMD2019),2021/22,14.14827,14.11664,14.17995,,,658714,4655793.0,,,Better,Not compared,20210000,,,1y
91547,Smoking prevalence in adults (aged 15 and over) - current smokers (QOF),E92000001,England,E92000001,England,England,Persons,15+ yrs,"County & UA deprivation deciles in England (IMD2019, 4/21 geography)",Fourth less deprived decile (IMD2019),2021/22,13.56779,13.53696,13.59869,,,641570,4728625.0,,,Better,Not compared,20210000,,,1y
91547,Smoking prevalence in adults (aged 15 and over) - current smokers (QOF),E92000001,England,E92000001,England,England,Persons,15+ yrs,"County & UA deprivation deciles in England (IMD2019, 4/21 geography)",Third less deprived decile (IMD2019),2021/22,12.69931,12.66681,12.73189,,,510812,4022359.0,,,Better,Not compared,20210000,,,1y
91547,Smoking prevalence in adults (aged 15 and over) - current smokers (QOF),E92000001,England,E92000001,England,England,Persons,15+ yrs,"County & UA deprivation deciles in England (IMD2019, 4/21 geography)",Second least deprived decile (IMD2019),2021/22,11.94117,11.90919,11.97322,,,470662,3941507.0,,,Better,Not compared,20210000,,,1y
91547,Smoking prevalence in adults (aged 15 and over) - current smokers (QOF),E92000001,England,E92000001,England,England,Persons,15+ yrs,"County & UA deprivation deciles in England (IMD2019, 4/21 geography)",Least deprived decile (IMD2019),2021/22,10.6157,10.58327,10.64821,,,367098,3458068.0,,,Better,Not compared,20210000,,,1y
91547,Smoking prevalence in adults (aged 15 and over) - current smokers (QOF),E92000001,England,E92000001,England,England,Persons,15+ yrs,"District & UA deprivation deciles in England (IMD2019, 4/21 geography)",Most deprived decile (IMD2019),2021/22,19.16465,19.13527,19.19407,,,1319465,6884888.0,,,Worse,Not compared,20210000,,,1y
91547,Smoking prevalence in adults (aged 15 and over) - current smokers (QOF),E92000001,England,E92000001,England,England,Persons,15+ yrs,"District & UA deprivation deciles in England (IMD2019, 4/21 geography)",Second most deprived decile (IMD2019),2021/22,17.37515,17.34535,17.40498,,,1077933,6203878.0,,,Worse,Not compared,20210000,,,1y
91547,Smoking prevalence in adults (aged 15 and over) - current smokers (QOF),E92000001,England,E92000001,England,England,Persons,15+ yrs,"District & UA deprivation deciles in England (IMD2019, 4/21 geography)",Third more deprived decile (IMD2019),2021/22,16.53762,16.50886,16.56642,,,1058724,6401912.0,,,Worse,Not compared,20210000,,,1y
91547,Smoking prevalence in adults (aged 15 and over) - current smokers (QOF),E92000001,England,E92000001,England,England,Persons,15+ yrs,"District & UA deprivation deciles in England (IMD2019, 4/21 geography)",Fourth more deprived decile (IMD2019),2021/22,15.9779,15.94787,16.00799,,,911855,5706975.0,,,Worse,Not compared,20210000,,,1y
91547,Smoking prevalence in adults (aged 15 and over) - current smokers (QOF),E92000001,England,E92000001,England,England,Persons,15+ yrs,"District & UA deprivation deciles in England (IMD2019, 4/21 geography)",Fifth more deprived decile (IMD2019),2021/22,15.63516,15.6042,15.66618,,,824971,5276383.0,,,Worse,Not compared,20210000,,,1y
91547,Smoking prevalence in adults (aged 15 and over) - current smokers (QOF),E92000001,England,E92000001,England,England,Persons,15+ yrs,"District & UA deprivation deciles in England (IMD2019, 4/21 geography)",Fifth less deprived decile (IMD2019),2021/22,14.44602,14.41471,14.47739,,,698279,4833712.0,,,Better,Not compared,20210000,,,1y
91547,Smoking prevalence in adults (aged 15 and over) - current smokers (QOF),E92000001,England,E92000001,England,England,Persons,15+ yrs,"District & UA deprivation deciles in England (IMD2019, 4/21 geography)",Fourth less deprived decile (IMD2019),2021/22,13.71279,13.68192,13.74372,,,652861,4760964.0,,,Better,Not compared,20210000,,,1y
91547,Smoking prevalence in adults (aged 15 and over) - current smokers (QOF),E92000001,England,E92000001,England,England,Persons,15+ yrs,"District & UA deprivation deciles in England (IMD2019, 4/21 geography)",Third less deprived decile (IMD2019),2021/22,13.03445,13.0015,13.06747,,,521671,4002247.0,,,Better,Not compared,20210000,,,1y
91547,Smoking prevalence in adults (aged 15 and over) - current smokers (QOF),E92000001,England,E92000001,England,England,Persons,15+ yrs,"District & UA deprivation deciles in England (IMD2019, 4/21 geography)",Second least deprived decile (IMD2019),2021/22,11.95827,11.92614,11.99047,,,467506,3909480.0,,,Better,Not compared,20210000,,,1y
91547,Smoking prevalence in adults (aged 15 and over) - current smokers (QOF),E92000001,England,E92000001,England,England,Persons,15+ yrs,"District & UA deprivation deciles in England (IMD2019, 4/21 geography)",Least deprived decile (IMD2019),2021/22,10.94487,10.91156,10.97827,,,368314,3365174.0,,,Better,Not compared,20210000,,,1y
91547,Smoking prevalence in adults (aged 15 and over) - current smokers (QOF),E92000001,England,E54000008,NHS Cheshire and Merseyside Integrated Care Board - QYG,ICBs,Persons,15+ yrs,,,2021/22,15.5822,15.53519,15.62933,,,355367,2280596.0,,,Worse,Not compared,20210000,,,1y
91547,Smoking prevalence in adults (aged 15 and over) - current smokers (QOF),E92000001,England,E54000010,NHS Staffordshire and Stoke-on-Trent Integrated Care Board - QNC,ICBs,Persons,15+ yrs,,,2021/22,15.62972,15.55747,15.70224,,,151110,966812.0,,,Worse,Not compared,20210000,,,1y
91547,Smoking prevalence in adults (aged 15 and over) - current smokers (QOF),E92000001,England,E54000011,"NHS Shropshire, Telford and Wrekin Integrated Care Board - QOC",ICBs,Persons,15+ yrs,,,2021/22,14.50471,14.40096,14.60909,,,63800,439857.0,,,Better,Not compared,20210000,,,1y
91547,Smoking prevalence in adults (aged 15 and over) - current smokers (QOF),E92000001,England,E54000013,NHS Lincolnshire Integrated Care Board - QJM,ICBs,Persons,15+ yrs,,,2021/22,16.73319,16.64418,16.82258,,,112565,672705.0,,,Worse,Not compared,20210000,,,1y
91547,Smoking prevalence in adults (aged 15 and over) - current smokers (QOF),E92000001,England,E54000015,"NHS Leicester, Leicestershire and Rutland Integrated Care Board - QK1",ICBs,Persons,15+ yrs,,,2021/22,14.18448,14.11629,14.25295,,,142055,1001482.0,,,Better,Not compared,20210000,,,1y
91547,Smoking prevalence in adults (aged 15 and over) - current smokers (QOF),E92000001,England,E54000018,NHS Coventry and Warwickshire Integrated Care Board - QWU,ICBs,Persons,15+ yrs,,,2021/22,14.99655,14.92197,15.07143,,,131498,876855.0,,,Better,Not compared,20210000,,,1y
91547,Smoking prevalence in adults (aged 15 and over) - current smokers (QOF),E92000001,England,E54000019,NHS Herefordshire and Worcestershire Integrated Care Board - QGH,ICBs,Persons,15+ yrs,,,2021/22,15.12812,15.04372,15.21291,,,104268,689233.0,,,Better,Not compared,20210000,,,1y
91547,Smoking prevalence in adults (aged 15 and over) - current smokers (QOF),E92000001,England,E54000022,NHS Norfolk and Waveney Integrated Care Board - QMM,ICBs,Persons,15+ yrs,,,2021/22,16.40007,16.32459,16.47583,,,151045,921002.0,,,Worse,Not compared,20210000,,,1y
91547,Smoking prevalence in adults (aged 15 and over) - current smokers (QOF),E92000001,England,E54000023,NHS Suffolk and North East Essex Integrated Care Board - QJG,ICBs,Persons,15+ yrs,,,2021/22,15.56491,15.48939,15.64073,,,137252,881804.0,,,Worse,Not compared,20210000,,,1y
91547,Smoking prevalence in adults (aged 15 and over) - current smokers (QOF),E92000001,England,E54000024,"NHS Bedfordshire, Luton and Milton Keynes Integrated Care Board - QHG",ICBs,Persons,15+ yrs,,,2021/22,15.44629,15.37054,15.52234,,,134520,870889.0,,,Similar,Not compared,20210000,,,1y
91547,Smoking prevalence in adults (aged 15 and over) - current smokers (QOF),E92000001,England,E54000025,NHS Hertfordshire and West Essex Integrated Care Board - QM7,ICBs,Persons,15+ yrs,,,2021/22,13.69153,13.63313,13.75013,,,181617,1326492.0,,,Better,Not compared,20210000,,,1y
91547,Smoking prevalence in adults (aged 15 and over) - current smokers (QOF),E92000001,England,E54000026,NHS Mid and South Essex Integrated Care Board - QH8,ICBs,Persons,15+ yrs,,,2021/22,14.92047,14.85183,14.98937,,,153842,1031080.0,,,Better,Not compared,20210000,,,1y
91547,Smoking prevalence in adults (aged 15 and over) - current smokers (QOF),E92000001,England,E54000027,NHS North West London Integrated Care Board - QRV,ICBs,Persons,15+ yrs,,,2021/22,13.89176,13.84769,13.93595,,,327738,2359226.0,,,Better,Not compared,20210000,,,1y
91547,Smoking prevalence in adults (aged 15 and over) - current smokers (QOF),E92000001,England,E54000028,NHS North Central London Integrated Care Board - QMJ,ICBs,Persons,15+ yrs,,,2021/22,15.81365,15.7541,15.87338,,,227393,1437954.0,,,Worse,Not compared,20210000,,,1y
91547,Smoking prevalence in adults (aged 15 and over) - current smokers (QOF),E92000001,England,E54000029,NHS North East London Integrated Care Board - QMF,ICBs,Persons,15+ yrs,,,2021/22,15.92704,15.87559,15.97863,,,308651,1937905.0,,,Worse,Not compared,20210000,,,1y
91547,Smoking prevalence in adults (aged 15 and over) - current smokers (QOF),E92000001,England,E54000030,NHS South East London Integrated Care Board - QKK,ICBs,Persons,15+ yrs,,,2021/22,15.30378,15.25011,15.35761,,,263768,1723548.0,,,Better,Not compared,20210000,,,1y
91547,Smoking prevalence in adults (aged 15 and over) - current smokers (QOF),E92000001,England,E54000031,NHS South West London Integrated Care Board - QWE,ICBs,Persons,15+ yrs,,,2021/22,13.23057,13.17535,13.28598,,,190686,1441253.0,,,Better,Not compared,20210000,,,1y
91547,Smoking prevalence in adults (aged 15 and over) - current smokers (QOF),E92000001,England,E54000032,NHS Kent and Medway Integrated Care Board - QKS,ICBs,Persons,15+ yrs,,,2021/22,15.94087,15.88454,15.99737,,,257850,1617540.0,,,Worse,Not compared,20210000,,,1y
91547,Smoking prevalence in adults (aged 15 and over) - current smokers (QOF),E92000001,England,E54000034,NHS Frimley Integrated Care Board - QNQ,ICBs,Persons,15+ yrs,,,2021/22,13.09585,13.01531,13.17682,,,87798,670426.0,,,Better,Not compared,20210000,,,1y
91547,Smoking prevalence in adults (aged 15 and over) - current smokers (QOF),E92000001,England,E54000036,NHS Cornwall and the Isles of Scilly Integrated Care Board - QT6,ICBs,Persons,15+ yrs,,,2021/22,16.49137,16.38968,16.59357,,,83947,509036.0,,,Worse,Not compared,20210000,,,1y
91547,Smoking prevalence in adults (aged 15 and over) - current smokers (QOF),E92000001,England,E54000037,NHS Devon Integrated Care Board - QJK,ICBs,Persons,15+ yrs,,,2021/22,15.05212,14.98492,15.11957,,,163129,1083761.0,,,Better,Not compared,20210000,,,1y
91547,Smoking prevalence in adults (aged 15 and over) - current smokers (QOF),E92000001,England,E54000038,NHS Somerset Integrated Care Board - QSL,ICBs,Persons,15+ yrs,,,2021/22,15.79291,15.69239,15.89394,,,79441,503017.0,,,Worse,Not compared,20210000,,,1y
91547,Smoking prevalence in adults (aged 15 and over) - current smokers (QOF),E92000001,England,E54000039,"NHS Bristol, North Somerset and South Gloucestershire Integrated Care Board - QUY",ICBs,Persons,15+ yrs,,,2021/22,16.2237,16.14723,16.30045,,,144320,889563.0,,,Worse,Not compared,20210000,,,1y
91547,Smoking prevalence in adults (aged 15 and over) - current smokers (QOF),E92000001,England,E54000040,"NHS Bath and North East Somerset, Swindon and Wiltshire Integrated Care Board - QOX",ICBs,Persons,15+ yrs,,,2021/22,13.59755,13.52325,13.67219,,,110648,813735.0,,,Better,Not compared,20210000,,,1y
91547,Smoking prevalence in adults (aged 15 and over) - current smokers (QOF),E92000001,England,E54000041,NHS Dorset Integrated Care Board - QVV,ICBs,Persons,15+ yrs,,,2021/22,14.79685,14.71436,14.87972,,,104829,708455.0,,,Better,Not compared,20210000,,,1y
91547,Smoking prevalence in adults (aged 15 and over) - current smokers (QOF),E92000001,England,E54000042,NHS Hampshire and Isle of Wight Integrated Care Board - QRL,ICBs,Persons,15+ yrs,,,2021/22,15.04802,14.99273,15.10348,,,240973,1601360.0,,,Better,Not compared,20210000,,,1y
91547,Smoking prevalence in adults (aged 15 and over) - current smokers (QOF),E92000001,England,E54000043,NHS Gloucestershire Integrated Care Board - QR1,ICBs,Persons,15+ yrs,,,2021/22,14.14328,14.0528,14.23425,,,80147,566679.0,,,Better,Not compared,20210000,,,1y
91547,Smoking prevalence in adults (aged 15 and over) - current smokers (QOF),E92000001,England,E54000044,"NHS Buckinghamshire, Oxfordshire and Berkshire West Integrated Care Board - QU9",ICBs,Persons,15+ yrs,,,2021/22,12.70065,12.64925,12.75223,,,204043,1606556.0,,,Better,Not compared,20210000,,,1y
91547,Smoking prevalence in adults (aged 15 and over) - current smokers (QOF),E92000001,England,E54000048,NHS Lancashire and South Cumbria Integrated Care Board - QE1,ICBs,Persons,15+ yrs,,,2021/22,16.57439,16.51528,16.63366,,,251272,1516026.0,,,Worse,Not compared,20210000,,,1y
91547,Smoking prevalence in adults (aged 15 and over) - current smokers (QOF),E92000001,England,E54000050,NHS North East and North Cumbria Integrated Care Board - QHM,ICBs,Persons,15+ yrs,,,2021/22,15.88625,15.84233,15.93028,,,421655,2654213.0,,,Worse,Not compared,20210000,,,1y
91547,Smoking prevalence in adults (aged 15 and over) - current smokers (QOF),E92000001,England,E54000051,NHS Humber and North Yorkshire Integrated Care Board - QOQ,ICBs,Persons,15+ yrs,,,2021/22,15.44217,15.38453,15.49998,,,232490,1505553.0,,,Similar,Not compared,20210000,,,1y
91547,Smoking prevalence in adults (aged 15 and over) - current smokers (QOF),E92000001,England,E54000052,NHS Surrey Heartlands Integrated Care Board - QXU,ICBs,Persons,15+ yrs,,,2021/22,11.58586,11.52098,11.65106,,,107771,930194.0,,,Better,Not compared,20210000,,,1y
91547,Smoking prevalence in adults (aged 15 and over) - current smokers (QOF),E92000001,England,E54000053,NHS Sussex Integrated Care Board - QNX,ICBs,Persons,15+ yrs,,,2021/22,15.14453,15.08807,15.20116,,,233858,1544175.0,,,Better,Not compared,20210000,,,1y
91547,Smoking prevalence in adults (aged 15 and over) - current smokers (QOF),E92000001,England,E54000054,NHS West Yorkshire Integrated Care Board - QWO,ICBs,Persons,15+ yrs,,,2021/22,17.37596,17.32541,17.42664,,,374080,2152859.0,,,Worse,Not compared,20210000,,,1y
91547,Smoking prevalence in adults (aged 15 and over) - current smokers (QOF),E92000001,England,E54000055,NHS Birmingham and Solihull Integrated Care Board - QHL,ICBs,Persons,15+ yrs,,,2021/22,15.70626,15.6433,15.76942,,,200864,1278879.0,,,Worse,Not compared,20210000,,,1y
91547,Smoking prevalence in adults (aged 15 and over) - current smokers (QOF),E92000001,England,E54000056,NHS Cambridgeshire and Peterborough Integrated Care Board - QUE,ICBs,Persons,15+ yrs,,,2021/22,15.62786,15.55023,15.7058,,,130835,837191.0,,,Worse,Not compared,20210000,,,1y
91547,Smoking prevalence in adults (aged 15 and over) - current smokers (QOF),E92000001,England,E54000057,NHS Greater Manchester Integrated Care Board - QOP,ICBs,Persons,15+ yrs,,,2021/22,16.76242,16.71692,16.80802,,,433026,2583315.0,,,Worse,Not compared,20210000,,,1y
91547,Smoking prevalence in adults (aged 15 and over) - current smokers (QOF),E92000001,England,E54000058,NHS Derby and Derbyshire Integrated Care Board - QJ2,ICBs,Persons,15+ yrs,,,2021/22,15.53665,15.46362,15.60997,,,146274,941477.0,,,Worse,Not compared,20210000,,,1y
91547,Smoking prevalence in adults (aged 15 and over) - current smokers (QOF),E92000001,England,E54000059,NHS Northamptonshire Integrated Care Board - QPM,ICBs,Persons,15+ yrs,,,2021/22,17.64834,17.55765,17.73939,,,119319,676092.0,,,Worse,Not compared,20210000,,,1y
91547,Smoking prevalence in adults (aged 15 and over) - current smokers (QOF),E92000001,England,E54000060,NHS Nottingham and Nottinghamshire Integrated Care Board - QT1,ICBs,Persons,15+ yrs,,,2021/22,15.98032,15.90953,16.05137,,,163860,1025386.0,,,Worse,Not compared,20210000,,,1y
91547,Smoking prevalence in adults (aged 15 and over) - current smokers (QOF),E92000001,England,E54000061,NHS South Yorkshire Integrated Care Board - QF7,ICBs,Persons,15+ yrs,,,2021/22,17.10769,17.04137,17.17421,,,211255,1234854.0,,,Worse,Not compared,20210000,,,1y
91547,Smoking prevalence in adults (aged 15 and over) - current smokers (QOF),E92000001,England,E54000062,NHS Black Country Integrated Care Board - QUA,ICBs,Persons,15+ yrs,,,2021/22,17.43429,17.36137,17.50745,,,180720,1036578.0,,,Worse,Not compared,20210000,,,1y
91547,Smoking prevalence in adults (aged 15 and over) - current smokers (QOF),,,E92000001,England,England,Persons,15+ yrs,,,2022/23,14.71089355,14.70127795,14.72051436,14.69573521,14.72606484,7664426,52100343.0,,Decreasing and getting better,Not compared,Not compared,20220000,,,1y
91547,Smoking prevalence in adults (aged 15 and over) - current smokers (QOF),E92000001,England,E92000001,England,England,Persons,15+ yrs,,,2022/23,14.71089355,14.70127795,14.72051436,14.69573521,14.72606484,7664426,52100343.0,,Decreasing and getting better,Similar,Not compared,20220000,,,1y
91547,Smoking prevalence in adults (aged 15 and over) - current smokers (QOF),E92000001,England,E54000008,NHS Cheshire and Merseyside Integrated Care Board - QYG,ICBs,Persons,15+ yrs,,,2022/23,14.84838166,14.80253937,14.8943411,14.77615639,14.92089816,342299,2305295.0,,Cannot be calculated,Worse,Not compared,20220000,,,1y
91547,Smoking prevalence in adults (aged 15 and over) - current smokers (QOF),E92000001,England,E54000010,NHS Staffordshire and Stoke-on-Trent Integrated Care Board - QNC,ICBs,Persons,15+ yrs,,,2022/23,14.74314572,14.67340634,14.813159,14.6333137,14.85365865,145796,988907.0,,Cannot be calculated,Similar,Not compared,20220000,,,1y
91547,Smoking prevalence in adults (aged 15 and over) - current smokers (QOF),E92000001,England,E54000011,"NHS Shropshire, Telford and Wrekin Integrated Care Board - QOC",ICBs,Persons,15+ yrs,,,2022/23,13.92580357,13.82404301,14.02819126,13.76564493,14.08752119,61543,441935.0,,Cannot be calculated,Better,Not compared,20220000,,,1y
91547,Smoking prevalence in adults (aged 15 and over) - current smokers (QOF),E92000001,England,E54000013,NHS Lincolnshire Integrated Care Board - QJM,ICBs,Persons,15+ yrs,,,2022/23,16.01199444,15.92567602,16.09869113,15.87607011,16.14885909,110534,690320.0,,Cannot be calculated,Worse,Not compared,20220000,,,1y
91547,Smoking prevalence in adults (aged 15 and over) - current smokers (QOF),E92000001,England,E54000015,"NHS Leicester, Leicestershire and Rutland Integrated Care Board - QK1",ICBs,Persons,15+ yrs,,,2022/23,13.59677186,13.52953174,13.66429334,13.49088372,13.70335945,135153,994008.0,,Cannot be calculated,Better,Not compared,20220000,,,1y
91547,Smoking prevalence in adults (aged 15 and over) - current smokers (QOF),E92000001,England,E54000018,NHS Coventry and Warwickshire Integrated Care Board - QWU,ICBs,Persons,15+ yrs,,,2022/23,14.27280929,14.20060532,14.34531901,14.15910585,14.38727279,128137,897770.0,,Cannot be calculated,Better,Not compared,20220000,,,1y
91547,Smoking prevalence in adults (aged 15 and over) - current smokers (QOF),E92000001,England,E54000019,NHS Herefordshire and Worcestershire Integrated Care Board - QGH,ICBs,Persons,15+ yrs,,,2022/23,14.57897995,14.49628639,14.66206434,14.44877649,14.71015497,101513,696297.0,,Cannot be calculated,Better,Not compared,20220000,,,1y
91547,Smoking prevalence in adults (aged 15 and over) - current smokers (QOF),E92000001,England,E54000022,NHS Norfolk and Waveney Integrated Care Board - QMM,ICBs,Persons,15+ yrs,,,2022/23,15.81991367,15.74582728,15.89428288,15.70323191,15.9372985,146886,928488.0,,Cannot be calculated,Worse,Not compared,20220000,,,1y
91547,Smoking prevalence in adults (aged 15 and over) - current smokers (QOF),E92000001,England,E54000023,NHS Suffolk and North East Essex Integrated Care Board - QJG,ICBs,Persons,15+ yrs,,,2022/23,14.93722157,14.86343073,15.01131416,14.82101436,15.0541789,133351,892743.0,,Cannot be calculated,Worse,Not compared,20220000,,,1y
91547,Smoking prevalence in adults (aged 15 and over) - current smokers (QOF),E92000001,England,E54000024,"NHS Bedfordshire, Luton and Milton Keynes Integrated Care Board - QHG",ICBs,Persons,15+ yrs,,,2022/23,14.69120029,14.61796121,14.76474287,14.5758638,14.80729123,131317,893848.0,,Cannot be calculated,Similar,Not compared,20220000,,,1y
91547,Smoking prevalence in adults (aged 15 and over) - current smokers (QOF),E92000001,England,E54000025,NHS Hertfordshire and West Essex Integrated Care Board - QM7,ICBs,Persons,15+ yrs,,,2022/23,13.13539286,13.07827883,13.19271846,13.04543856,13.2258731,175846,1338719.0,,Cannot be calculated,Better,Not compared,20220000,,,1y
91547,Smoking prevalence in adults (aged 15 and over) - current smokers (QOF),E92000001,England,E54000026,NHS Mid and South Essex Integrated Care Board - QH8,ICBs,Persons,15+ yrs,,,2022/23,14.31392511,14.24681833,14.38129498,14.20823891,14.42026532,149173,1042153.0,,Cannot be calculated,Better,Not compared,20220000,,,1y
91547,Smoking prevalence in adults (aged 15 and over) - current smokers (QOF),E92000001,England,E54000027,NHS North West London Integrated Care Board - QRV,ICBs,Persons,15+ yrs,,,2022/23,13.22982293,13.18718325,13.27257941,13.16264696,13.29728925,320006,2418823.0,,Cannot be calculated,Better,Not compared,20220000,,,1y
91547,Smoking prevalence in adults (aged 15 and over) - current smokers (QOF),E92000001,England,E54000028,NHS North Central London Integrated Care Board - QMJ,ICBs,Persons,15+ yrs,,,2022/23,15.36712381,15.30971111,15.4247126,15.27668253,15.45800283,232206,1511057.0,,Cannot be calculated,Worse,Not compared,20220000,,,1y
91547,Smoking prevalence in adults (aged 15 and over) - current smokers (QOF),E92000001,England,E54000029,NHS North East London Integrated Care Board - QMF,ICBs,Persons,15+ yrs,,,2022/23,15.19662823,15.14651516,15.2468773,15.11767789,15.27591667,298761,1965969.0,,Cannot be calculated,Worse,Not compared,20220000,,,1y
91547,Smoking prevalence in adults (aged 15 and over) - current smokers (QOF),E92000001,England,E54000030,NHS South East London Integrated Care Board - QKK,ICBs,Persons,15+ yrs,,,2022/23,14.67134319,14.61890106,14.723941,14.58872961,14.75434379,255789,1743460.0,,Cannot be calculated,Similar,Not compared,20220000,,,1y
91547,Smoking prevalence in adults (aged 15 and over) - current smokers (QOF),E92000001,England,E54000031,NHS South West London Integrated Care Board - QWE,ICBs,Persons,15+ yrs,,,2022/23,12.76234539,12.70820388,12.8166837,12.67707108,12.84810892,185534,1453761.0,,Cannot be calculated,Better,Not compared,20220000,,,1y
91547,Smoking prevalence in adults (aged 15 and over) - current smokers (QOF),E92000001,England,E54000032,NHS Kent and Medway Integrated Care Board - QKS,ICBs,Persons,15+ yrs,,,2022/23,15.18543616,15.13055917,15.24047645,15.09898705,15.27229121,248742,1638030.0,,Cannot be calculated,Worse,Not compared,20220000,,,1y
91547,Smoking prevalence in adults (aged 15 and over) - current smokers (QOF),E92000001,England,E54000034,NHS Frimley Integrated Care Board - QNQ,ICBs,Persons,15+ yrs,,,2022/23,12.5311786,12.45258251,12.61019931,12.40745075,12.655962,84955,677949.0,,Cannot be calculated,Better,Not compared,20220000,,,1y
91547,Smoking prevalence in adults (aged 15 and over) - current smokers (QOF),E92000001,England,E54000036,NHS Cornwall and the Isles of Scilly Integrated Care Board - QT6,ICBs,Persons,15+ yrs,,,2022/23,15.77386936,15.674319,15.87393295,15.61714392,15.93187065,80816,512341.0,,Cannot be calculated,Worse,Not compared,20220000,,,1y
91547,Smoking prevalence in adults (aged 15 and over) - current smokers (QOF),E92000001,England,E54000037,NHS Devon Integrated Care Board - QJK,ICBs,Persons,15+ yrs,,,2022/23,14.32961322,14.26414325,14.39533323,14.22650181,14.43334621,157056,1096024.0,,Cannot be calculated,Better,Not compared,20220000,,,1y
91547,Smoking prevalence in adults (aged 15 and over) - current smokers (QOF),E92000001,England,E54000038,NHS Somerset Integrated Care Board - QSL,ICBs,Persons,15+ yrs,,,2022/23,15.1480649,15.04979092,15.24686543,14.99335789,15.30408085,77032,508527.0,,Cannot be calculated,Worse,Not compared,20220000,,,1y
91547,Smoking prevalence in adults (aged 15 and over) - current smokers (QOF),E92000001,England,E54000039,"NHS Bristol, North Somerset and South Gloucestershire Integrated Care Board - QUY",ICBs,Persons,15+ yrs,,,2022/23,15.50917964,15.4345909,15.5840624,15.39171091,15.62737929,139774,901234.0,,Cannot be calculated,Worse,Not compared,20220000,,,1y
91547,Smoking prevalence in adults (aged 15 and over) - current smokers (QOF),E92000001,England,E54000040,"NHS Bath and North East Somerset, Swindon and Wiltshire Integrated Care Board - QOX",ICBs,Persons,15+ yrs,,,2022/23,13.02415852,12.95196962,13.09668923,12.91049518,13.13867158,108243,831094.0,,Cannot be calculated,Better,Not compared,20220000,,,1y
91547,Smoking prevalence in adults (aged 15 and over) - current smokers (QOF),E92000001,England,E54000041,NHS Dorset Integrated Care Board - QVV,ICBs,Persons,15+ yrs,,,2022/23,14.24757545,14.16638994,14.32914856,14.11974821,14.3763662,100971,708689.0,,Cannot be calculated,Better,Not compared,20220000,,,1y
91547,Smoking prevalence in adults (aged 15 and over) - current smokers (QOF),E92000001,England,E54000042,NHS Hampshire and Isle of Wight Integrated Care Board - QRL,ICBs,Persons,15+ yrs,,,2022/23,14.36778377,14.31411394,14.42162096,14.2832398,14.45274378,235017,1635722.0,,Cannot be calculated,Better,Not compared,20220000,,,1y
91547,Smoking prevalence in adults (aged 15 and over) - current smokers (QOF),E92000001,England,E54000043,NHS Gloucestershire Integrated Care Board - QR1,ICBs,Persons,15+ yrs,,,2022/23,13.40756998,13.319642,13.49598802,13.26915855,13.54719966,76914,573661.0,,Cannot be calculated,Better,Not compared,20220000,,,1y
91547,Smoking prevalence in adults (aged 15 and over) - current smokers (QOF),E92000001,England,E54000044,"NHS Buckinghamshire, Oxfordshire and Berkshire West Integrated Care Board - QU9",ICBs,Persons,15+ yrs,,,2022/23,12.10895386,12.05909807,12.15898727,12.03042803,12.18792124,198462,1638969.0,,Cannot be calculated,Better,Not compared,20220000,,,1y
91547,Smoking prevalence in adults (aged 15 and over) - current smokers (QOF),E92000001,England,E54000048,NHS Lancashire and South Cumbria Integrated Care Board - QE1,ICBs,Persons,15+ yrs,,,2022/23,15.804969,15.74732642,15.86278285,15.71416309,15.89620068,242434,1533910.0,,Cannot be calculated,Worse,Not compared,20220000,,,1y
91547,Smoking prevalence in adults (aged 15 and over) - current smokers (QOF),E92000001,England,E54000050,NHS North East and North Cumbria Integrated Care Board - QHM,ICBs,Persons,15+ yrs,,,2022/23,15.07753858,15.03478348,15.12039364,15.01017298,15.14515264,404752,2684470.0,,Cannot be calculated,Worse,Not compared,20220000,,,1y
91547,Smoking prevalence in adults (aged 15 and over) - current smokers (QOF),E92000001,England,E54000051,NHS Humber and North Yorkshire Integrated Care Board - QOQ,ICBs,Persons,15+ yrs,,,2022/23,14.81259643,14.75613874,14.86923246,14.7236619,14.90197428,224552,1515953.0,,Cannot be calculated,Worse,Not compared,20220000,,,1y
91547,Smoking prevalence in adults (aged 15 and over) - current smokers (QOF),E92000001,England,E54000052,NHS Surrey Heartlands Integrated Care Board - QXU,ICBs,Persons,15+ yrs,,,2022/23,11.00278166,10.93967259,11.06620956,10.90342375,11.10293215,103396,939726.0,,Cannot be calculated,Better,Not compared,20220000,,,1y
91547,Smoking prevalence in adults (aged 15 and over) - current smokers (QOF),E92000001,England,E54000053,NHS Sussex Integrated Care Board - QNX,ICBs,Persons,15+ yrs,,,2022/23,14.51579056,14.46056926,14.57118682,14.42880388,14.60321217,226191,1558241.0,,Cannot be calculated,Better,Not compared,20220000,,,1y
91547,Smoking prevalence in adults (aged 15 and over) - current smokers (QOF),E92000001,England,E54000054,NHS West Yorkshire Integrated Care Board - QWO,ICBs,Persons,15+ yrs,,,2022/23,16.72445141,16.67496615,16.77405396,16.64648243,16.80271197,364533,2179641.0,,Cannot be calculated,Worse,Not compared,20220000,,,1y
91547,Smoking prevalence in adults (aged 15 and over) - current smokers (QOF),E92000001,England,E54000055,NHS Birmingham and Solihull Integrated Care Board - QHL,ICBs,Persons,15+ yrs,,,2022/23,15.10653666,15.04481651,15.16846482,15.00931841,15.20427197,194708,1288899.0,,Cannot be calculated,Worse,Not compared,20220000,,,1y
91547,Smoking prevalence in adults (aged 15 and over) - current smokers (QOF),E92000001,England,E54000056,NHS Cambridgeshire and Peterborough Integrated Care Board - QUE,ICBs,Persons,15+ yrs,,,2022/23,15.09518888,15.01977014,15.17091871,14.97641925,15.21473185,130124,862023.0,,Cannot be calculated,Worse,Not compared,20220000,,,1y
91547,Smoking prevalence in adults (aged 15 and over) - current smokers (QOF),E92000001,England,E54000057,NHS Greater Manchester Integrated Care Board - QOP,ICBs,Persons,15+ yrs,,,2022/23,15.94122063,15.89697043,15.98557058,15.87149768,16.01119157,418132,2622961.0,,Cannot be calculated,Worse,Not compared,20220000,,,1y
91547,Smoking prevalence in adults (aged 15 and over) - current smokers (QOF),E92000001,England,E54000058,NHS Derby and Derbyshire Integrated Care Board - QJ2,ICBs,Persons,15+ yrs,,,2022/23,14.9302125,14.85835969,15.00235155,14.81705389,15.04408267,140536,941286.0,,Cannot be calculated,Worse,Not compared,20220000,,,1y
91547,Smoking prevalence in adults (aged 15 and over) - current smokers (QOF),E92000001,England,E54000059,NHS Northamptonshire Integrated Care Board - QPM,ICBs,Persons,15+ yrs,,,2022/23,16.94257962,16.85360491,17.03192782,16.80246508,17.08362264,115207,679985.0,,Cannot be calculated,Worse,Not compared,20220000,,,1y
91547,Smoking prevalence in adults (aged 15 and over) - current smokers (QOF),E92000001,England,E54000060,NHS Nottingham and Nottinghamshire Integrated Care Board - QT1,ICBs,Persons,15+ yrs,,,2022/23,15.17306677,15.10480711,15.24157952,15.06555833,15.28120437,160413,1057222.0,,Cannot be calculated,Worse,Not compared,20220000,,,1y
91547,Smoking prevalence in adults (aged 15 and over) - current smokers (QOF),E92000001,England,E54000061,NHS South Yorkshire Integrated Care Board - QF7,ICBs,Persons,15+ yrs,,,2022/23,16.1741712,16.10973421,16.23881604,16.07266934,16.27618975,202231,1250333.0,,Cannot be calculated,Worse,Not compared,20220000,,,1y
91547,Smoking prevalence in adults (aged 15 and over) - current smokers (QOF),E92000001,England,E54000062,NHS Black Country Integrated Care Board - QUA,ICBs,Persons,15+ yrs,,,2022/23,16.54788188,16.47725655,16.61874969,16.43663876,16.65972778,175391,1059900.0,,Cannot be calculated,Worse,Not compared,20220000,,,1y
