AreaCode,AreaName,CategoryAttribute,Denominator,Factor,HighestPriorityNotificationType,IndicatorCode,IndicatorName,IndicatorShortName,LowerConfidenceLimit,MetricCategoryName,MetricCategoryTypeName,NotificationCount,Numerator,TimePeriodName,UpperConfidenceLimit,Value,ValueNote
E92000001,England,Persons,1150858.0,,,CVDP002AF,"Patients with GP recorded atrial fibrillation and with a CHADS2 or CHA2DS2-VASc score of 2 or more, who are currently treated with any oral anticoagulant.Â ",AF: Treated with anticoagulants (CVDP002AF),92.0,Persons,Sex,0,1059403.0,To March 2026,92.1,92.05,
E92000001,England,Female,512090.0,,,CVDP002AF,"Patients with GP recorded atrial fibrillation and with a CHADS2 or CHA2DS2-VASc score of 2 or more, who are currently treated with any oral anticoagulant.Â ",AF: Treated with anticoagulants (CVDP002AF),91.57,Female,Sex,0,469293.0,To March 2026,91.72,91.64,
E92000001,England,Male,638768.0,,,CVDP002AF,"Patients with GP recorded atrial fibrillation and with a CHADS2 or CHA2DS2-VASc score of 2 or more, who are currently treated with any oral anticoagulant.Â ",AF: Treated with anticoagulants (CVDP002AF),92.32,Male,Sex,0,590110.0,To March 2026,92.45,92.38,
E92000001,England,Male,440.0,,,CVDP002AF,"Patients with GP recorded atrial fibrillation and with a CHADS2 or CHA2DS2-VASc score of 2 or more, who are currently treated with any oral anticoagulant.Â ",AF: Treated with anticoagulants (CVDP002AF),72.69,18-39,Age group,0,338.0,To March 2026,80.36,76.82,
E92000001,England,Female,541.0,,,CVDP002AF,"Patients with GP recorded atrial fibrillation and with a CHADS2 or CHA2DS2-VASc score of 2 or more, who are currently treated with any oral anticoagulant.Â ",AF: Treated with anticoagulants (CVDP002AF),55.88,18-39,Age group,0,325.0,To March 2026,63.97,60.07,
E92000001,England,Persons,981.0,,,CVDP002AF,"Patients with GP recorded atrial fibrillation and with a CHADS2 or CHA2DS2-VASc score of 2 or more, who are currently treated with any oral anticoagulant.Â ",AF: Treated with anticoagulants (CVDP002AF),64.63,18-39,Age group,0,663.0,To March 2026,70.43,67.58,
E92000001,England,Male,19432.0,,,CVDP002AF,"Patients with GP recorded atrial fibrillation and with a CHADS2 or CHA2DS2-VASc score of 2 or more, who are currently treated with any oral anticoagulant.Â ",AF: Treated with anticoagulants (CVDP002AF),88.83,40-59,Age group,0,17348.0,To March 2026,89.7,89.28,
E92000001,England,Female,14103.0,,,CVDP002AF,"Patients with GP recorded atrial fibrillation and with a CHADS2 or CHA2DS2-VASc score of 2 or more, who are currently treated with any oral anticoagulant.Â ",AF: Treated with anticoagulants (CVDP002AF),83.82,40-59,Age group,0,11906.0,To March 2026,85.01,84.42,
E92000001,England,Persons,33535.0,,,CVDP002AF,"Patients with GP recorded atrial fibrillation and with a CHADS2 or CHA2DS2-VASc score of 2 or more, who are currently treated with any oral anticoagulant.Â ",AF: Treated with anticoagulants (CVDP002AF),86.87,40-59,Age group,0,29254.0,To March 2026,87.59,87.23,
E92000001,England,Male,328580.0,,,CVDP002AF,"Patients with GP recorded atrial fibrillation and with a CHADS2 or CHA2DS2-VASc score of 2 or more, who are currently treated with any oral anticoagulant.Â ",AF: Treated with anticoagulants (CVDP002AF),93.08,60-79,Age group,0,306133.0,To March 2026,93.25,93.17,
E92000001,England,Female,211059.0,,,CVDP002AF,"Patients with GP recorded atrial fibrillation and with a CHADS2 or CHA2DS2-VASc score of 2 or more, who are currently treated with any oral anticoagulant.Â ",AF: Treated with anticoagulants (CVDP002AF),92.36,60-79,Age group,0,195171.0,To March 2026,92.58,92.47,
E92000001,England,Persons,539639.0,,,CVDP002AF,"Patients with GP recorded atrial fibrillation and with a CHADS2 or CHA2DS2-VASc score of 2 or more, who are currently treated with any oral anticoagulant.Â ",AF: Treated with anticoagulants (CVDP002AF),92.83,60-79,Age group,0,501304.0,To March 2026,92.96,92.9,
E92000001,England,Male,290316.0,,,CVDP002AF,"Patients with GP recorded atrial fibrillation and with a CHADS2 or CHA2DS2-VASc score of 2 or more, who are currently treated with any oral anticoagulant.Â ",AF: Treated with anticoagulants (CVDP002AF),91.62,80+,Age group,0,266291.0,To March 2026,91.82,91.72,
E92000001,England,Female,286387.0,,,CVDP002AF,"Patients with GP recorded atrial fibrillation and with a CHADS2 or CHA2DS2-VASc score of 2 or more, who are currently treated with any oral anticoagulant.Â ",AF: Treated with anticoagulants (CVDP002AF),91.34,80+,Age group,0,261891.0,To March 2026,91.55,91.45,
E92000001,England,Persons,576703.0,,,CVDP002AF,"Patients with GP recorded atrial fibrillation and with a CHADS2 or CHA2DS2-VASc score of 2 or more, who are currently treated with any oral anticoagulant.Â ",AF: Treated with anticoagulants (CVDP002AF),91.51,80+,Age group,0,528182.0,To March 2026,91.66,91.59,
E92000001,England,Persons,169960.0,,,CVDP002AF,"Patients with GP recorded atrial fibrillation and with a CHADS2 or CHA2DS2-VASc score of 2 or more, who are currently treated with any oral anticoagulant.Â ",AF: Treated with anticoagulants (CVDP002AF),91.62,1 - most deprived,Deprivation quintile,0,155937.0,To March 2026,91.88,91.75,
E92000001,England,Persons,201905.0,,,CVDP002AF,"Patients with GP recorded atrial fibrillation and with a CHADS2 or CHA2DS2-VASc score of 2 or more, who are currently treated with any oral anticoagulant.Â ",AF: Treated with anticoagulants (CVDP002AF),91.66,2,Deprivation quintile,0,185312.0,To March 2026,91.9,91.78,
E92000001,England,Persons,243502.0,,,CVDP002AF,"Patients with GP recorded atrial fibrillation and with a CHADS2 or CHA2DS2-VASc score of 2 or more, who are currently treated with any oral anticoagulant.Â ",AF: Treated with anticoagulants (CVDP002AF),91.9,3,Deprivation quintile,0,224036.0,To March 2026,92.11,92.01,
E92000001,England,Persons,264833.0,,,CVDP002AF,"Patients with GP recorded atrial fibrillation and with a CHADS2 or CHA2DS2-VASc score of 2 or more, who are currently treated with any oral anticoagulant.Â ",AF: Treated with anticoagulants (CVDP002AF),92.15,4,Deprivation quintile,0,244322.0,To March 2026,92.36,92.26,
E92000001,England,Persons,270233.0,,,CVDP002AF,"Patients with GP recorded atrial fibrillation and with a CHADS2 or CHA2DS2-VASc score of 2 or more, who are currently treated with any oral anticoagulant.Â ",AF: Treated with anticoagulants (CVDP002AF),92.19,5 - least deprived,Deprivation quintile,0,249406.0,To March 2026,92.39,92.29,
E92000001,England,Persons,28169.0,,,CVDP002AF,"Patients with GP recorded atrial fibrillation and with a CHADS2 or CHA2DS2-VASc score of 2 or more, who are currently treated with any oral anticoagulant.Â ",AF: Treated with anticoagulants (CVDP002AF),89.35,Asian,Ethnicity,0,25270.0,To March 2026,90.06,89.71,
E92000001,England,Persons,11643.0,,,CVDP002AF,"Patients with GP recorded atrial fibrillation and with a CHADS2 or CHA2DS2-VASc score of 2 or more, who are currently treated with any oral anticoagulant.Â ",AF: Treated with anticoagulants (CVDP002AF),87.05,Black,Ethnicity,0,10206.0,To March 2026,88.24,87.66,
E92000001,England,Persons,18967.0,,,CVDP002AF,"Patients with GP recorded atrial fibrillation and with a CHADS2 or CHA2DS2-VASc score of 2 or more, who are currently treated with any oral anticoagulant.Â ",AF: Treated with anticoagulants (CVDP002AF),90.16,Missing,Ethnicity,0,17181.0,To March 2026,90.99,90.58,
E92000001,England,Persons,4463.0,,,CVDP002AF,"Patients with GP recorded atrial fibrillation and with a CHADS2 or CHA2DS2-VASc score of 2 or more, who are currently treated with any oral anticoagulant.Â ",AF: Treated with anticoagulants (CVDP002AF),87.46,Mixed,Ethnicity,0,3946.0,To March 2026,89.32,88.42,
E92000001,England,Persons,33111.0,,,CVDP002AF,"Patients with GP recorded atrial fibrillation and with a CHADS2 or CHA2DS2-VASc score of 2 or more, who are currently treated with any oral anticoagulant.Â ",AF: Treated with anticoagulants (CVDP002AF),90.14,Not stated,Ethnicity,0,29951.0,To March 2026,90.77,90.46,
E92000001,England,Persons,7485.0,,,CVDP002AF,"Patients with GP recorded atrial fibrillation and with a CHADS2 or CHA2DS2-VASc score of 2 or more, who are currently treated with any oral anticoagulant.Â ",AF: Treated with anticoagulants (CVDP002AF),89.34,Other,Ethnicity,0,6739.0,To March 2026,90.69,90.03,
E92000001,England,Persons,1047020.0,,,CVDP002AF,"Patients with GP recorded atrial fibrillation and with a CHADS2 or CHA2DS2-VASc score of 2 or more, who are currently treated with any oral anticoagulant.Â ",AF: Treated with anticoagulants (CVDP002AF),92.22,White,Ethnicity,0,966110.0,To March 2026,92.32,92.27,
E92000001,England,Persons,1138057.0,,,CVDP002AF,"Patients with GP recorded atrial fibrillation and with a CHADS2 or CHA2DS2-VASc score of 2 or more, who are currently treated with any oral anticoagulant.Â ",AF: Treated with anticoagulants (CVDP002AF),92.05,People without SMI,Mental Health,0,1048178.0,To March 2026,92.15,92.1,
E92000001,England,Persons,12801.0,,,CVDP002AF,"Patients with GP recorded atrial fibrillation and with a CHADS2 or CHA2DS2-VASc score of 2 or more, who are currently treated with any oral anticoagulant.Â ",AF: Treated with anticoagulants (CVDP002AF),87.11,People with SMI,Mental Health,0,11225.0,To March 2026,88.25,87.69,
E92000001,England,Persons,1147883.0,,,CVDP002AF,"Patients with GP recorded atrial fibrillation and with a CHADS2 or CHA2DS2-VASc score of 2 or more, who are currently treated with any oral anticoagulant.Â ",AF: Treated with anticoagulants (CVDP002AF),92.01,People without a diagnosed learning disability,Learning Disability,0,1056761.0,To March 2026,92.11,92.06,
E92000001,England,Persons,2975.0,,,CVDP002AF,"Patients with GP recorded atrial fibrillation and with a CHADS2 or CHA2DS2-VASc score of 2 or more, who are currently treated with any oral anticoagulant.Â ",AF: Treated with anticoagulants (CVDP002AF),87.64,People with a diagnosed learning disability,Learning Disability,0,2642.0,To March 2026,89.89,88.81,
